observation_date,StateName,Real_PerCap,year,month,day
2008-01-01,AL,42242,2008,1,1
2009-01-01,AL,41995,2009,1,1
2010-01-01,AL,41757,2010,1,1
2011-01-01,AL,41846,2011,1,1
2012-01-01,AL,41612,2012,1,1
2013-01-01,AL,41349,2013,1,1
2014-01-01,AL,42001,2014,1,1
2015-01-01,AL,43826,2015,1,1
2016-01-01,AL,43568,2016,1,1
2017-01-01,AL,44464,2017,1,1
2018-01-01,AL,46435,2018,1,1
2019-01-01,AL,47134,2019,1,1
2020-01-01,AL,50183,2020,1,1
2021-01-01,AL,52707,2021,1,1
2022-01-01,AL,50630,2022,1,1
2023-01-01,AL,50039,2023,1,1
2008-01-01,AK,51624,2008,1,1
2009-01-01,AK,50046,2009,1,1
2010-01-01,AK,53121,2010,1,1
2011-01-01,AK,54737,2011,1,1
2012-01-01,AK,55069,2012,1,1
2013-01-01,AK,53511,2013,1,1
2014-01-01,AK,55466,2014,1,1
2015-01-01,AK,56504,2015,1,1
2016-01-01,AK,54410,2016,1,1
2017-01-01,AK,54005,2017,1,1
2018-01-01,AK,55410,2018,1,1
2019-01-01,AK,56835,2019,1,1
2020-01-01,AK,58487,2020,1,1
2021-01-01,AK,57520,2021,1,1
2022-01-01,AK,58320,2022,1,1
2023-01-01,AK,58470,2023,1,1
2008-01-01,AZ,38967,2008,1,1
2009-01-01,AZ,36641,2009,1,1
2010-01-01,AZ,37167,2010,1,1
2011-01-01,AZ,38404,2011,1,1
2012-01-01,AZ,39287,2012,1,1
2013-01-01,AZ,39214,2013,1,1
2014-01-01,AZ,40285,2014,1,1
2015-01-01,AZ,41957,2015,1,1
2016-01-01,AZ,42582,2016,1,1
2017-01-01,AZ,44298,2017,1,1
2018-01-01,AZ,45693,2018,1,1
2019-01-01,AZ,47239,2019,1,1
2020-01-01,AZ,50269,2020,1,1
2021-01-01,AZ,54232,2021,1,1
2022-01-01,AZ,50856,2022,1,1
2023-01-01,AZ,51373,2023,1,1
2008-01-01,AR,40983,2008,1,1
2009-01-01,AR,40970,2009,1,1
2010-01-01,AR,40280,2010,1,1
2011-01-01,AR,41286,2011,1,1
2012-01-01,AR,43018,2012,1,1
2013-01-01,AR,42409,2013,1,1
2014-01-01,AR,44097,2014,1,1
2015-01-01,AR,45431,2015,1,1
2016-01-01,AR,45893,2016,1,1
2017-01-01,AR,46837,2017,1,1
2018-01-01,AR,48481,2018,1,1
2019-01-01,AR,48247,2019,1,1
2020-01-01,AR,51195,2020,1,1
2021-01-01,AR,54650,2021,1,1
2022-01-01,AR,54888,2022,1,1
2023-01-01,AR,55330,2023,1,1
2008-01-01,CA,43801,2008,1,1
2009-01-01,CA,42404,2009,1,1
2010-01-01,CA,43519,2010,1,1
2011-01-01,CA,44857,2011,1,1
2012-01-01,CA,46169,2012,1,1
2013-01-01,CA,45838,2013,1,1
2014-01-01,CA,47489,2014,1,1
2015-01-01,CA,50073,2015,1,1
2016-01-01,CA,51845,2016,1,1
2017-01-01,CA,52604,2017,1,1
2018-01-01,CA,53481,2018,1,1
2019-01-01,CA,55932,2019,1,1
2020-01-01,CA,60008,2020,1,1
2021-01-01,CA,63194,2021,1,1
2022-01-01,CA,58928,2022,1,1
2023-01-01,CA,59940,2023,1,1
2008-01-01,CO,46677,2008,1,1
2009-01-01,CO,44290,2009,1,1
2010-01-01,CO,44903,2010,1,1
2011-01-01,CO,45646,2011,1,1
2012-01-01,CO,46717,2012,1,1
2013-01-01,CO,47737,2013,1,1
2014-01-01,CO,50261,2014,1,1
2015-01-01,CO,51333,2015,1,1
2016-01-01,CO,50938,2016,1,1
2017-01-01,CO,52744,2017,1,1
2018-01-01,CO,56591,2018,1,1
2019-01-01,CO,57865,2019,1,1
2020-01-01,CO,59744,2020,1,1
2021-01-01,CO,64129,2021,1,1
2022-01-01,CO,64644,2022,1,1
2023-01-01,CO,65589,2023,1,1
2008-01-01,CT,61514,2008,1,1
2009-01-01,CT,60539,2009,1,1
2010-01-01,CT,63476,2010,1,1
2011-01-01,CT,62986,2011,1,1
2012-01-01,CT,62600,2012,1,1
2013-01-01,CT,60178,2013,1,1
2014-01-01,CT,62126,2014,1,1
2015-01-01,CT,63352,2015,1,1
2016-01-01,CT,64060,2016,1,1
2017-01-01,CT,64666,2017,1,1
2018-01-01,CT,68094,2018,1,1
2019-01-01,CT,69073,2019,1,1
2020-01-01,CT,70057,2020,1,1
2021-01-01,CT,73110,2021,1,1
2022-01-01,CT,68981,2022,1,1
2023-01-01,CT,72040,2023,1,1
2008-01-01,DE,45923,2008,1,1
2009-01-01,DE,45268,2009,1,1
2010-01-01,DE,44778,2010,1,1
2011-01-01,DE,47055,2011,1,1
2012-01-01,DE,46582,2012,1,1
2013-01-01,DE,46593,2013,1,1
2014-01-01,DE,46902,2014,1,1
2015-01-01,DE,49650,2015,1,1
2016-01-01,DE,49881,2016,1,1
2017-01-01,DE,50844,2017,1,1
2018-01-01,DE,52105,2018,1,1
2019-01-01,DE,52672,2019,1,1
2020-01-01,DE,54954,2020,1,1
2021-01-01,DE,56272,2021,1,1
2022-01-01,DE,56282,2022,1,1
2023-01-01,DE,55936,2023,1,1
2008-01-01,DC,60529,2008,1,1
2009-01-01,DC,59777,2009,1,1
2010-01-01,DC,61224,2010,1,1
2011-01-01,DC,63348,2011,1,1
2012-01-01,DC,64033,2012,1,1
2013-01-01,DC,61738,2013,1,1
2014-01-01,DC,63619,2014,1,1
2015-01-01,DC,67900,2015,1,1
2016-01-01,DC,70258,2016,1,1
2017-01-01,DC,72446,2017,1,1
2018-01-01,DC,72449,2018,1,1
2019-01-01,DC,74148,2019,1,1
2020-01-01,DC,78379,2020,1,1
2021-01-01,DC,80587,2021,1,1
2022-01-01,DC,77304,2022,1,1
2023-01-01,DC,80060,2023,1,1
2008-01-01,FL,43264,2008,1,1
2009-01-01,FL,41222,2009,1,1
2010-01-01,FL,42761,2010,1,1
2011-01-01,FL,43281,2011,1,1
2012-01-01,FL,43201,2012,1,1
2013-01-01,FL,42288,2013,1,1
2014-01-01,FL,43829,2014,1,1
2015-01-01,FL,45708,2015,1,1
2016-01-01,FL,46141,2016,1,1
2017-01-01,FL,48141,2017,1,1
2018-01-01,FL,49937,2018,1,1
2019-01-01,FL,52127,2019,1,1
2020-01-01,FL,53853,2020,1,1
2021-01-01,FL,56443,2021,1,1
2022-01-01,FL,54430,2022,1,1
2023-01-01,FL,55153,2023,1,1
2008-01-01,GA,42027,2008,1,1
2009-01-01,GA,41967,2009,1,1
2010-01-01,GA,40688,2010,1,1
2011-01-01,GA,42370,2011,1,1
2012-01-01,GA,41427,2012,1,1
2013-01-01,GA,41340,2013,1,1
2014-01-01,GA,42964,2014,1,1
2015-01-01,GA,45160,2015,1,1
2016-01-01,GA,45908,2016,1,1
2017-01-01,GA,47162,2017,1,1
2018-01-01,GA,48285,2018,1,1
2019-01-01,GA,49761,2019,1,1
2020-01-01,GA,52199,2020,1,1
2021-01-01,GA,53857,2021,1,1
2022-01-01,GA,51597,2022,1,1
2023-01-01,GA,51429,2023,1,1
2008-01-01,HI,42839,2008,1,1
2009-01-01,HI,41152,2009,1,1
2010-01-01,HI,41968,2010,1,1
2011-01-01,HI,41994,2011,1,1
2012-01-01,HI,42541,2012,1,1
2013-01-01,HI,40538,2013,1,1
2014-01-01,HI,42364,2014,1,1
2015-01-01,HI,43528,2015,1,1
2016-01-01,HI,45063,2016,1,1
2017-01-01,HI,45836,2017,1,1
2018-01-01,HI,45676,2018,1,1
2019-01-01,HI,46706,2019,1,1
2020-01-01,HI,48230,2020,1,1
2021-01-01,HI,49904,2021,1,1
2022-01-01,HI,48551,2022,1,1
2023-01-01,HI,50602,2023,1,1
2008-01-01,ID,38633,2008,1,1
2009-01-01,ID,37037,2009,1,1
2010-01-01,ID,37923,2010,1,1
2011-01-01,ID,38343,2011,1,1
2012-01-01,ID,39441,2012,1,1
2013-01-01,ID,39837,2013,1,1
2014-01-01,ID,40827,2014,1,1
2015-01-01,ID,42369,2015,1,1
2016-01-01,ID,43476,2016,1,1
2017-01-01,ID,43677,2017,1,1
2018-01-01,ID,46317,2018,1,1
2019-01-01,ID,48036,2019,1,1
2020-01-01,ID,52230,2020,1,1
2021-01-01,ID,55615,2021,1,1
2022-01-01,ID,53668,2022,1,1
2023-01-01,ID,53944,2023,1,1
2008-01-01,IL,48415,2008,1,1
2009-01-01,IL,45573,2009,1,1
2010-01-01,IL,45786,2010,1,1
2011-01-01,IL,46628,2011,1,1
2012-01-01,IL,48182,2012,1,1
2013-01-01,IL,48740,2013,1,1
2014-01-01,IL,50197,2014,1,1
2015-01-01,IL,52746,2015,1,1
2016-01-01,IL,52600,2016,1,1
2017-01-01,IL,53031,2017,1,1
2018-01-01,IL,54888,2018,1,1
2019-01-01,IL,56185,2019,1,1
2020-01-01,IL,58814,2020,1,1
2021-01-01,IL,60496,2021,1,1
2022-01-01,IL,58388,2022,1,1
2023-01-01,IL,60693,2023,1,1
2008-01-01,IN,43045,2008,1,1
2009-01-01,IN,41599,2009,1,1
2010-01-01,IN,42305,2010,1,1
2011-01-01,IN,43987,2011,1,1
2012-01-01,IN,44692,2012,1,1
2013-01-01,IN,44362,2013,1,1
2014-01-01,IN,45287,2014,1,1
2015-01-01,IN,47429,2015,1,1
2016-01-01,IN,48117,2016,1,1
2017-01-01,IN,49153,2017,1,1
2018-01-01,IN,49295,2018,1,1
2019-01-01,IN,50331,2019,1,1
2020-01-01,IN,54036,2020,1,1
2021-01-01,IN,56891,2021,1,1
2022-01-01,IN,55333,2022,1,1
2023-01-01,IN,55174,2023,1,1
2008-01-01,IA,49431,2008,1,1
2009-01-01,IA,46716,2009,1,1
2010-01-01,IA,46319,2010,1,1
2011-01-01,IA,49063,2011,1,1
2012-01-01,IA,49601,2012,1,1
2013-01-01,IA,49440,2013,1,1
2014-01-01,IA,49947,2014,1,1
2015-01-01,IA,52193,2015,1,1
2016-01-01,IA,51995,2016,1,1
2017-01-01,IA,52518,2017,1,1
2018-01-01,IA,52148,2018,1,1
2019-01-01,IA,52367,2019,1,1
2020-01-01,IA,55657,2020,1,1
2021-01-01,IA,59628,2021,1,1
2022-01-01,IA,60081,2022,1,1
2023-01-01,IA,58735,2023,1,1
2008-01-01,KS,51282,2008,1,1
2009-01-01,KS,48299,2009,1,1
2010-01-01,KS,47376,2010,1,1
2011-01-01,KS,49878,2011,1,1
2012-01-01,KS,50982,2012,1,1
2013-01-01,KS,51540,2013,1,1
2014-01-01,KS,51211,2014,1,1
2015-01-01,KS,51652,2015,1,1
2016-01-01,KS,51703,2016,1,1
2017-01-01,KS,52843,2017,1,1
2018-01-01,KS,53374,2018,1,1
2019-01-01,KS,54419,2019,1,1
2020-01-01,KS,57229,2020,1,1
2021-01-01,KS,59476,2021,1,1
2022-01-01,KS,59919,2022,1,1
2023-01-01,KS,61032,2023,1,1
2008-01-01,KY,41032,2008,1,1
2009-01-01,KY,40970,2009,1,1
2010-01-01,KY,40634,2010,1,1
2011-01-01,KY,41303,2011,1,1
2012-01-01,KY,41635,2012,1,1
2013-01-01,KY,41147,2013,1,1
2014-01-01,KY,42161,2014,1,1
2015-01-01,KY,44002,2015,1,1
2016-01-01,KY,44228,2016,1,1
2017-01-01,KY,44982,2017,1,1
2018-01-01,KY,45924,2018,1,1
2019-01-01,KY,46959,2019,1,1
2020-01-01,KY,50615,2020,1,1
2021-01-01,KY,53332,2021,1,1
2022-01-01,KY,50831,2022,1,1
2023-01-01,KY,50820,2023,1,1
2008-01-01,LA,47048,2008,1,1
2009-01-01,LA,45972,2009,1,1
2010-01-01,LA,45712,2010,1,1
2011-01-01,LA,45363,2011,1,1
2012-01-01,LA,46373,2012,1,1
2013-01-01,LA,46138,2013,1,1
2014-01-01,LA,46963,2014,1,1
2015-01-01,LA,47125,2015,1,1
2016-01-01,LA,45906,2016,1,1
2017-01-01,LA,47178,2017,1,1
2018-01-01,LA,49184,2018,1,1
2019-01-01,LA,49921,2019,1,1
2020-01-01,LA,52708,2020,1,1
2021-01-01,LA,55297,2021,1,1
2022-01-01,LA,53109,2022,1,1
2023-01-01,LA,55317,2023,1,1
2008-01-01,ME,42076,2008,1,1
2009-01-01,ME,42256,2009,1,1
2010-01-01,ME,43057,2010,1,1
2011-01-01,ME,44299,2011,1,1
2012-01-01,ME,43666,2012,1,1
2013-01-01,ME,42445,2013,1,1
2014-01-01,ME,45784,2014,1,1
2015-01-01,ME,46054,2015,1,1
2016-01-01,ME,46346,2016,1,1
2017-01-01,ME,47140,2017,1,1
2018-01-01,ME,47980,2018,1,1
2019-01-01,ME,50596,2019,1,1
2020-01-01,ME,53155,2020,1,1
2021-01-01,ME,55911,2021,1,1
2022-01-01,ME,52816,2022,1,1
2023-01-01,ME,55685,2023,1,1
2008-01-01,MD,50561,2008,1,1
2009-01-01,MD,49375,2009,1,1
2010-01-01,MD,50624,2010,1,1
2011-01-01,MD,51126,2011,1,1
2012-01-01,MD,51755,2012,1,1
2013-01-01,MD,49957,2013,1,1
2014-01-01,MD,50708,2014,1,1
2015-01-01,MD,52484,2015,1,1
2016-01-01,MD,53810,2016,1,1
2017-01-01,MD,54693,2017,1,1
2018-01-01,MD,55318,2018,1,1
2019-01-01,MD,56850,2019,1,1
2020-01-01,MD,58445,2020,1,1
2021-01-01,MD,59857,2021,1,1
2022-01-01,MD,58615,2022,1,1
2023-01-01,MD,60223,2023,1,1
2008-01-01,MA,54461,2008,1,1
2009-01-01,MA,54176,2009,1,1
2010-01-01,MA,55690,2010,1,1
2011-01-01,MA,56410,2011,1,1
2012-01-01,MA,57056,2012,1,1
2013-01-01,MA,56782,2013,1,1
2014-01-01,MA,57329,2014,1,1
2015-01-01,MA,60363,2015,1,1
2016-01-01,MA,59826,2016,1,1
2017-01-01,MA,61742,2017,1,1
2018-01-01,MA,63341,2018,1,1
2019-01-01,MA,65374,2019,1,1
2020-01-01,MA,68017,2020,1,1
2021-01-01,MA,72200,2021,1,1
2022-01-01,MA,67908,2022,1,1
2023-01-01,MA,69512,2023,1,1
2008-01-01,MI,41948,2008,1,1
2009-01-01,MI,40151,2009,1,1
2010-01-01,MI,40984,2010,1,1
2011-01-01,MI,42715,2011,1,1
2012-01-01,MI,43523,2012,1,1
2013-01-01,MI,43131,2013,1,1
2014-01-01,MI,44084,2014,1,1
2015-01-01,MI,47212,2015,1,1
2016-01-01,MI,48003,2016,1,1
2017-01-01,MI,48940,2017,1,1
2018-01-01,MI,48952,2018,1,1
2019-01-01,MI,49308,2019,1,1
2020-01-01,MI,53583,2020,1,1
2021-01-01,MI,55526,2021,1,1
2022-01-01,MI,53426,2022,1,1
2023-01-01,MI,53915,2023,1,1
2008-01-01,MN,49860,2008,1,1
2009-01-01,MN,46758,2009,1,1
2010-01-01,MN,48224,2010,1,1
2011-01-01,MN,50071,2011,1,1
2012-01-01,MN,51551,2012,1,1
2013-01-01,MN,50842,2013,1,1
2014-01-01,MN,51745,2014,1,1
2015-01-01,MN,54105,2015,1,1
2016-01-01,MN,54489,2016,1,1
2017-01-01,MN,55756,2017,1,1
2018-01-01,MN,55421,2018,1,1
2019-01-01,MN,56754,2019,1,1
2020-01-01,MN,60123,2020,1,1
2021-01-01,MN,63085,2021,1,1
2022-01-01,MN,61833,2022,1,1
2023-01-01,MN,61227,2023,1,1
2008-01-01,MS,39184,2008,1,1
2009-01-01,MS,39758,2009,1,1
2010-01-01,MS,39144,2010,1,1
2011-01-01,MS,39422,2011,1,1
2012-01-01,MS,40015,2012,1,1
2013-01-01,MS,39978,2013,1,1
2014-01-01,MS,40143,2014,1,1
2015-01-01,MS,40953,2015,1,1
2016-01-01,MS,41074,2016,1,1
2017-01-01,MS,41756,2017,1,1
2018-01-01,MS,42877,2018,1,1
2019-01-01,MS,43788,2019,1,1
2020-01-01,MS,47531,2020,1,1
2021-01-01,MS,49979,2021,1,1
2022-01-01,MS,46533,2022,1,1
2023-01-01,MS,47239,2023,1,1
2008-01-01,MO,47099,2008,1,1
2009-01-01,MO,45186,2009,1,1
2010-01-01,MO,43938,2010,1,1
2011-01-01,MO,44788,2011,1,1
2012-01-01,MO,45807,2012,1,1
2013-01-01,MO,45178,2013,1,1
2014-01-01,MO,45689,2014,1,1
2015-01-01,MO,47602,2015,1,1
2016-01-01,MO,48730,2016,1,1
2017-01-01,MO,48939,2017,1,1
2018-01-01,MO,49937,2018,1,1
2019-01-01,MO,50659,2019,1,1
2020-01-01,MO,54222,2020,1,1
2021-01-01,MO,56607,2021,1,1
2022-01-01,MO,55878,2022,1,1
2023-01-01,MO,56659,2023,1,1
2008-01-01,MT,42420,2008,1,1
2009-01-01,MT,41648,2009,1,1
2010-01-01,MT,43077,2010,1,1
2011-01-01,MT,43677,2011,1,1
2012-01-01,MT,45704,2012,1,1
2013-01-01,MT,45180,2013,1,1
2014-01-01,MT,45334,2014,1,1
2015-01-01,MT,46695,2015,1,1
2016-01-01,MT,47037,2016,1,1
2017-01-01,MT,48252,2017,1,1
2018-01-01,MT,50184,2018,1,1
2019-01-01,MT,50992,2019,1,1
2020-01-01,MT,55730,2020,1,1
2021-01-01,MT,59336,2021,1,1
2022-01-01,MT,58869,2022,1,1
2023-01-01,MT,59807,2023,1,1
2008-01-01,NE,50465,2008,1,1
2009-01-01,NE,48959,2009,1,1
2010-01-01,NE,49337,2010,1,1
2011-01-01,NE,53817,2011,1,1
2012-01-01,NE,53217,2012,1,1
2013-01-01,NE,52238,2013,1,1
2014-01-01,NE,54093,2014,1,1
2015-01-01,NE,56077,2015,1,1
2016-01-01,NE,54633,2016,1,1
2017-01-01,NE,55268,2017,1,1
2018-01-01,NE,54972,2018,1,1
2019-01-01,NE,55970,2019,1,1
2020-01-01,NE,58594,2020,1,1
2021-01-01,NE,63531,2021,1,1
2022-01-01,NE,64333,2022,1,1
2023-01-01,NE,65562,2023,1,1
2008-01-01,NV,42848,2008,1,1
2009-01-01,NV,39476,2009,1,1
2010-01-01,NV,40942,2010,1,1
2011-01-01,NV,40744,2011,1,1
2012-01-01,NV,41371,2012,1,1
2013-01-01,NV,41191,2013,1,1
2014-01-01,NV,42759,2014,1,1
2015-01-01,NV,45736,2015,1,1
2016-01-01,NV,46920,2016,1,1
2017-01-01,NV,47183,2017,1,1
2018-01-01,NV,50312,2018,1,1
2019-01-01,NV,50861,2019,1,1
2020-01-01,NV,53910,2020,1,1
2021-01-01,NV,58599,2021,1,1
2022-01-01,NV,55910,2022,1,1
2023-01-01,NV,56723,2023,1,1
2008-01-01,NH,48279,2008,1,1
2009-01-01,NH,48280,2009,1,1
2010-01-01,NH,49949,2010,1,1
2011-01-01,NH,51170,2011,1,1
2012-01-01,NH,52187,2012,1,1
2013-01-01,NH,51256,2013,1,1
2014-01-01,NH,52473,2014,1,1
2015-01-01,NH,53636,2015,1,1
2016-01-01,NH,53993,2016,1,1
2017-01-01,NH,54852,2017,1,1
2018-01-01,NH,57226,2018,1,1
2019-01-01,NH,59501,2019,1,1
2020-01-01,NH,61479,2020,1,1
2021-01-01,NH,66057,2021,1,1
2022-01-01,NH,59838,2022,1,1
2023-01-01,NH,62236,2023,1,1
2008-01-01,NJ,53849,2008,1,1
2009-01-01,NJ,50491,2009,1,1
2010-01-01,NJ,51788,2010,1,1
2011-01-01,NJ,52191,2011,1,1
2012-01-01,NJ,52502,2012,1,1
2013-01-01,NJ,52103,2013,1,1
2014-01-01,NJ,53239,2014,1,1
2015-01-01,NJ,55171,2015,1,1
2016-01-01,NJ,55861,2016,1,1
2017-01-01,NJ,56574,2017,1,1
2018-01-01,NJ,56752,2018,1,1
2019-01-01,NJ,58777,2019,1,1
2020-01-01,NJ,60963,2020,1,1
2021-01-01,NJ,64045,2021,1,1
2022-01-01,NJ,61622,2022,1,1
2023-01-01,NJ,62623,2023,1,1
2008-01-01,NM,39593,2008,1,1
2009-01-01,NM,38605,2009,1,1
2010-01-01,NM,39402,2010,1,1
2011-01-01,NM,38977,2011,1,1
2012-01-01,NM,39187,2012,1,1
2013-01-01,NM,38132,2013,1,1
2014-01-01,NM,39826,2014,1,1
2015-01-01,NM,40733,2015,1,1
2016-01-01,NM,41534,2016,1,1
2017-01-01,NM,41044,2017,1,1
2018-01-01,NM,43915,2018,1,1
2019-01-01,NM,44994,2019,1,1
2020-01-01,NM,48522,2020,1,1
2021-01-01,NM,51885,2021,1,1
2022-01-01,NM,50335,2022,1,1
2023-01-01,NM,50851,2023,1,1
2008-01-01,NY,48246,2008,1,1
2009-01-01,NY,47526,2009,1,1
2010-01-01,NY,48799,2010,1,1
2011-01-01,NY,49366,2011,1,1
2012-01-01,NY,50798,2012,1,1
2013-01-01,NY,50344,2013,1,1
2014-01-01,NY,51567,2014,1,1
2015-01-01,NY,53140,2015,1,1
2016-01-01,NY,54066,2016,1,1
2017-01-01,NY,56711,2017,1,1
2018-01-01,NY,57552,2018,1,1
2019-01-01,NY,58790,2019,1,1
2020-01-01,NY,61261,2020,1,1
2021-01-01,NY,63783,2021,1,1
2022-01-01,NY,62113,2022,1,1
2023-01-01,NY,63524,2023,1,1
2008-01-01,NC,45877,2008,1,1
2009-01-01,NC,44344,2009,1,1
2010-01-01,NC,42732,2010,1,1
2011-01-01,NC,42485,2011,1,1
2012-01-01,NC,44056,2012,1,1
2013-01-01,NC,42485,2013,1,1
2014-01-01,NC,43838,2014,1,1
2015-01-01,NC,45814,2015,1,1
2016-01-01,NC,46317,2016,1,1
2017-01-01,NC,47630,2017,1,1
2018-01-01,NC,48665,2018,1,1
2019-01-01,NC,50963,2019,1,1
2020-01-01,NC,54298,2020,1,1
2021-01-01,NC,55908,2021,1,1
2022-01-01,NC,54070,2022,1,1
2023-01-01,NC,54554,2023,1,1
2008-01-01,ND,53507,2008,1,1
2009-01-01,ND,51491,2009,1,1
2010-01-01,ND,54688,2010,1,1
2011-01-01,ND,58830,2011,1,1
2012-01-01,ND,64491,2012,1,1
2013-01-01,ND,61509,2013,1,1
2014-01-01,ND,63085,2014,1,1
2015-01-01,ND,59811,2015,1,1
2016-01-01,ND,57035,2016,1,1
2017-01-01,ND,58566,2017,1,1
2018-01-01,ND,59398,2018,1,1
2019-01-01,ND,58838,2019,1,1
2020-01-01,ND,63006,2020,1,1
2021-01-01,ND,66709,2021,1,1
2022-01-01,ND,69224,2022,1,1
2023-01-01,ND,67549,2023,1,1
2008-01-01,OH,44451,2008,1,1
2009-01-01,OH,42857,2009,1,1
2010-01-01,OH,43444,2010,1,1
2011-01-01,OH,45541,2011,1,1
2012-01-01,OH,45858,2012,1,1
2013-01-01,OH,45668,2013,1,1
2014-01-01,OH,46834,2014,1,1
2015-01-01,OH,48868,2015,1,1
2016-01-01,OH,49184,2016,1,1
2017-01-01,OH,50276,2017,1,1
2018-01-01,OH,50529,2018,1,1
2019-01-01,OH,51251,2019,1,1
2020-01-01,OH,55081,2020,1,1
2021-01-01,OH,57180,2021,1,1
2022-01-01,OH,55009,2022,1,1
2023-01-01,OH,55626,2023,1,1
2008-01-01,OK,49104,2008,1,1
2009-01-01,OK,45641,2009,1,1
2010-01-01,OK,45446,2010,1,1
2011-01-01,OK,47136,2011,1,1
2012-01-01,OK,48682,2012,1,1
2013-01-01,OK,49840,2013,1,1
2014-01-01,OK,51542,2014,1,1
2015-01-01,OK,49913,2015,1,1
2016-01-01,OK,46873,2016,1,1
2017-01-01,OK,48370,2017,1,1
2018-01-01,OK,50413,2018,1,1
2019-01-01,OK,52201,2019,1,1
2020-01-01,OK,53478,2020,1,1
2021-01-01,OK,55745,2021,1,1
2022-01-01,OK,56357,2022,1,1
2023-01-01,OK,56954,2023,1,1
2008-01-01,OR,42239,2008,1,1
2009-01-01,OR,39641,2009,1,1
2010-01-01,OR,40049,2010,1,1
2011-01-01,OR,40590,2011,1,1
2012-01-01,OR,40990,2012,1,1
2013-01-01,OR,41193,2013,1,1
2014-01-01,OR,43052,2014,1,1
2015-01-01,OR,44953,2015,1,1
2016-01-01,OR,46549,2016,1,1
2017-01-01,OR,46979,2017,1,1
2018-01-01,OR,47087,2018,1,1
2019-01-01,OR,48657,2019,1,1
2020-01-01,OR,52512,2020,1,1
2021-01-01,OR,55584,2021,1,1
2022-01-01,OR,51849,2022,1,1
2023-01-01,OR,53799,2023,1,1
2008-01-01,PA,46902,2008,1,1
2009-01-01,PA,45727,2009,1,1
2010-01-01,PA,47012,2010,1,1
2011-01-01,PA,48345,2011,1,1
2012-01-01,PA,49314,2012,1,1
2013-01-01,PA,49036,2013,1,1
2014-01-01,PA,50321,2014,1,1
2015-01-01,PA,51672,2015,1,1
2016-01-01,PA,52718,2016,1,1
2017-01-01,PA,52468,2017,1,1
2018-01-01,PA,54503,2018,1,1
2019-01-01,PA,55470,2019,1,1
2020-01-01,PA,59101,2020,1,1
2021-01-01,PA,61028,2021,1,1
2022-01-01,PA,58632,2022,1,1
2023-01-01,PA,58727,2023,1,1
2008-01-01,RI,44835,2008,1,1
2009-01-01,RI,43821,2009,1,1
2010-01-01,RI,46189,2010,1,1
2011-01-01,RI,46969,2011,1,1
2012-01-01,RI,48013,2012,1,1
2013-01-01,RI,46435,2013,1,1
2014-01-01,RI,47865,2014,1,1
2015-01-01,RI,48412,2015,1,1
2016-01-01,RI,48629,2016,1,1
2017-01-01,RI,49311,2017,1,1
2018-01-01,RI,50150,2018,1,1
2019-01-01,RI,52100,2019,1,1
2020-01-01,RI,55797,2020,1,1
2021-01-01,RI,56628,2021,1,1
2022-01-01,RI,53188,2022,1,1
2023-01-01,RI,55329,2023,1,1
2008-01-01,SC,40425,2008,1,1
2009-01-01,SC,39578,2009,1,1
2010-01-01,SC,39128,2010,1,1
2011-01-01,SC,39859,2011,1,1
2012-01-01,SC,40626,2012,1,1
2013-01-01,SC,40268,2013,1,1
2014-01-01,SC,41765,2014,1,1
2015-01-01,SC,43698,2015,1,1
2016-01-01,SC,44389,2016,1,1
2017-01-01,SC,45747,2017,1,1
2018-01-01,SC,46635,2018,1,1
2019-01-01,SC,48821,2019,1,1
2020-01-01,SC,51428,2020,1,1
2021-01-01,SC,52266,2021,1,1
2022-01-01,SC,50280,2022,1,1
2023-01-01,SC,51100,2023,1,1
2008-01-01,SD,53966,2008,1,1
2009-01-01,SD,51592,2009,1,1
2010-01-01,SD,51387,2010,1,1
2011-01-01,SD,55030,2011,1,1
2012-01-01,SD,52734,2012,1,1
2013-01-01,SD,52101,2013,1,1
2014-01-01,SD,53862,2014,1,1
2015-01-01,SD,56585,2015,1,1
2016-01-01,SD,56339,2016,1,1
2017-01-01,SD,56744,2017,1,1
2018-01-01,SD,55503,2018,1,1
2019-01-01,SD,57345,2019,1,1
2020-01-01,SD,62358,2020,1,1
2021-01-01,SD,68414,2021,1,1
2022-01-01,SD,68403,2022,1,1
2023-01-01,SD,68315,2023,1,1
2008-01-01,TN,42800,2008,1,1
2009-01-01,TN,42858,2009,1,1
2010-01-01,TN,42936,2010,1,1
2011-01-01,TN,43814,2011,1,1
2012-01-01,TN,44337,2012,1,1
2013-01-01,TN,43976,2013,1,1
2014-01-01,TN,44714,2014,1,1
2015-01-01,TN,46534,2015,1,1
2016-01-01,TN,46685,2016,1,1
2017-01-01,TN,47823,2017,1,1
2018-01-01,TN,50871,2018,1,1
2019-01-01,TN,51869,2019,1,1
2020-01-01,TN,55019,2020,1,1
2021-01-01,TN,58368,2021,1,1
2022-01-01,TN,55608,2022,1,1
2023-01-01,TN,55861,2023,1,1
2008-01-01,TX,46111,2008,1,1
2009-01-01,TX,43378,2009,1,1
2010-01-01,TX,44112,2010,1,1
2011-01-01,TX,46693,2011,1,1
2012-01-01,TX,47588,2012,1,1
2013-01-01,TX,47342,2013,1,1
2014-01-01,TX,48996,2014,1,1
2015-01-01,TX,49017,2015,1,1
2016-01-01,TX,47712,2016,1,1
2017-01-01,TX,49950,2017,1,1
2018-01-01,TX,51583,2018,1,1
2019-01-01,TX,52344,2019,1,1
2020-01-01,TX,53170,2020,1,1
2021-01-01,TX,56263,2021,1,1
2022-01-01,TX,55726,2022,1,1
2023-01-01,TX,56621,2023,1,1
2008-01-01,UT,39101,2008,1,1
2009-01-01,UT,35790,2009,1,1
2010-01-01,UT,36430,2010,1,1
2011-01-01,UT,36769,2011,1,1
2012-01-01,UT,37951,2012,1,1
2013-01-01,UT,38286,2013,1,1
2014-01-01,UT,39605,2014,1,1
2015-01-01,UT,42042,2015,1,1
2016-01-01,UT,43372,2016,1,1
2017-01-01,UT,43696,2017,1,1
2018-01-01,UT,46514,2018,1,1
2019-01-01,UT,47931,2019,1,1
2020-01-01,UT,52050,2020,1,1
2021-01-01,UT,56578,2021,1,1
2022-01-01,UT,55409,2022,1,1
2023-01-01,UT,56100,2023,1,1
2008-01-01,VT,45363,2008,1,1
2009-01-01,VT,44683,2009,1,1
2010-01-01,VT,46082,2010,1,1
2011-01-01,VT,47569,2011,1,1
2012-01-01,VT,47492,2012,1,1
2013-01-01,VT,47117,2013,1,1
2014-01-01,VT,49294,2014,1,1
2015-01-01,VT,49457,2015,1,1
2016-01-01,VT,50630,2016,1,1
2017-01-01,VT,49928,2017,1,1
2018-01-01,VT,50637,2018,1,1
2019-01-01,VT,52738,2019,1,1
2020-01-01,VT,54546,2020,1,1
2021-01-01,VT,56681,2021,1,1
2022-01-01,VT,54314,2022,1,1
2023-01-01,VT,57521,2023,1,1
2008-01-01,VA,49384,2008,1,1
2009-01-01,VA,48503,2009,1,1
2010-01-01,VA,48534,2010,1,1
2011-01-01,VA,49646,2011,1,1
2012-01-01,VA,50701,2012,1,1
2013-01-01,VA,48671,2013,1,1
2014-01-01,VA,49587,2014,1,1
2015-01-01,VA,51296,2015,1,1
2016-01-01,VA,52225,2016,1,1
2017-01-01,VA,53823,2017,1,1
2018-01-01,VA,54027,2018,1,1
2019-01-01,VA,56458,2019,1,1
2020-01-01,VA,58253,2020,1,1
2021-01-01,VA,60190,2021,1,1
2022-01-01,VA,58889,2022,1,1
2023-01-01,VA,60869,2023,1,1
2008-01-01,WA,47357,2008,1,1
2009-01-01,WA,44859,2009,1,1
2010-01-01,WA,45638,2010,1,1
2011-01-01,WA,46296,2011,1,1
2012-01-01,WA,48620,2012,1,1
2013-01-01,WA,48415,2013,1,1
2014-01-01,WA,49888,2014,1,1
2015-01-01,WA,51706,2015,1,1
2016-01-01,WA,52449,2016,1,1
2017-01-01,WA,52986,2017,1,1
2018-01-01,WA,54838,2018,1,1
2019-01-01,WA,56858,2019,1,1
2020-01-01,WA,60091,2020,1,1
2021-01-01,WA,62272,2021,1,1
2022-01-01,WA,59296,2022,1,1
2023-01-01,WA,61911,2023,1,1
2008-01-01,WV,40351,2008,1,1
2009-01-01,WV,41150,2009,1,1
2010-01-01,WV,40655,2010,1,1
2011-01-01,WV,41705,2011,1,1
2012-01-01,WV,41807,2012,1,1
2013-01-01,WV,40671,2013,1,1
2014-01-01,WV,41594,2014,1,1
2015-01-01,WV,42150,2015,1,1
2016-01-01,WV,42099,2016,1,1
2017-01-01,WV,43732,2017,1,1
2018-01-01,WV,45021,2018,1,1
2019-01-01,WV,46595,2019,1,1
2020-01-01,WV,49233,2020,1,1
2021-01-01,WV,49311,2021,1,1
2022-01-01,WV,48479,2022,1,1
2023-01-01,WV,48869,2023,1,1
2008-01-01,WI,46757,2008,1,1
2009-01-01,WI,45576,2009,1,1
2010-01-01,WI,45542,2010,1,1
2011-01-01,WI,47257,2011,1,1
2012-01-01,WI,47867,2012,1,1
2013-01-01,WI,47515,2013,1,1
2014-01-01,WI,48515,2014,1,1
2015-01-01,WI,50670,2015,1,1
2016-01-01,WI,50958,2016,1,1
2017-01-01,WI,51768,2017,1,1
2018-01-01,WI,52802,2018,1,1
2019-01-01,WI,53655,2019,1,1
2020-01-01,WI,57326,2020,1,1
2021-01-01,WI,59596,2021,1,1
2022-01-01,WI,57831,2022,1,1
2023-01-01,WI,57962,2023,1,1
2008-01-01,WY,58234,2008,1,1
2009-01-01,WY,51850,2009,1,1
2010-01-01,WY,53752,2010,1,1
2011-01-01,WY,55956,2011,1,1
2012-01-01,WY,58962,2012,1,1
2013-01-01,WY,56737,2013,1,1
2014-01-01,WY,59526,2014,1,1
2015-01-01,WY,59579,2015,1,1
2016-01-01,WY,55723,2016,1,1
2017-01-01,WY,58147,2017,1,1
2018-01-01,WY,62947,2018,1,1
2019-01-01,WY,63607,2019,1,1
2020-01-01,WY,67929,2020,1,1
2021-01-01,WY,71298,2021,1,1
2022-01-01,WY,71818,2022,1,1
2023-01-01,WY,75015,2023,1,1
