observation_date,StateName,house_ownership,year,month,day
2000-01-01,AL,73.2,2000,1,1
2001-01-01,AL,73.2,2001,1,1
2002-01-01,AL,73.7,2002,1,1
2003-01-01,AL,76.2,2003,1,1
2004-01-01,AL,78.0,2004,1,1
2005-01-01,AL,76.6,2005,1,1
2006-01-01,AL,74.2,2006,1,1
2007-01-01,AL,73.3,2007,1,1
2008-01-01,AL,73.0,2008,1,1
2009-01-01,AL,74.1,2009,1,1
2010-01-01,AL,73.2,2010,1,1
2011-01-01,AL,72.9,2011,1,1
2012-01-01,AL,71.9,2012,1,1
2013-01-01,AL,72.7,2013,1,1
2014-01-01,AL,72.1,2014,1,1
2015-01-01,AL,70.0,2015,1,1
2016-01-01,AL,69.7,2016,1,1
2017-01-01,AL,70.0,2017,1,1
2018-01-01,AL,70.3,2018,1,1
2019-01-01,AL,70.7,2019,1,1
2020-01-01,AL,74.8,2020,1,1
2021-01-01,AL,73.4,2021,1,1
2022-01-01,AL,72.1,2022,1,1
2023-01-01,AL,73.8,2023,1,1
2024-01-01,AL,72.6,2024,1,1
2000-01-01,AK,66.4,2000,1,1
2001-01-01,AK,65.3,2001,1,1
2002-01-01,AK,67.1,2002,1,1
2003-01-01,AK,70.0,2003,1,1
2004-01-01,AK,67.2,2004,1,1
2005-01-01,AK,66.0,2005,1,1
2006-01-01,AK,67.2,2006,1,1
2007-01-01,AK,66.6,2007,1,1
2008-01-01,AK,66.4,2008,1,1
2009-01-01,AK,66.8,2009,1,1
2010-01-01,AK,65.7,2010,1,1
2011-01-01,AK,64.4,2011,1,1
2012-01-01,AK,63.7,2012,1,1
2013-01-01,AK,64.6,2013,1,1
2014-01-01,AK,64.9,2014,1,1
2015-01-01,AK,62.3,2015,1,1
2016-01-01,AK,65.2,2016,1,1
2017-01-01,AK,65.5,2017,1,1
2018-01-01,AK,63.7,2018,1,1
2019-01-01,AK,62.6,2019,1,1
2020-01-01,AK,64.1,2020,1,1
2021-01-01,AK,64.0,2021,1,1
2022-01-01,AK,65.1,2022,1,1
2023-01-01,AK,64.3,2023,1,1
2024-01-01,AK,66.2,2024,1,1
2000-01-01,AZ,68.0,2000,1,1
2001-01-01,AZ,68.1,2001,1,1
2002-01-01,AZ,65.6,2002,1,1
2003-01-01,AZ,67.0,2003,1,1
2004-01-01,AZ,68.7,2004,1,1
2005-01-01,AZ,71.1,2005,1,1
2006-01-01,AZ,71.6,2006,1,1
2007-01-01,AZ,70.4,2007,1,1
2008-01-01,AZ,69.1,2008,1,1
2009-01-01,AZ,68.9,2009,1,1
2010-01-01,AZ,66.6,2010,1,1
2011-01-01,AZ,66.0,2011,1,1
2012-01-01,AZ,65.3,2012,1,1
2013-01-01,AZ,65.1,2013,1,1
2014-01-01,AZ,63.5,2014,1,1
2015-01-01,AZ,61.7,2015,1,1
2016-01-01,AZ,61.9,2016,1,1
2017-01-01,AZ,64.4,2017,1,1
2018-01-01,AZ,65.7,2018,1,1
2019-01-01,AZ,65.8,2019,1,1
2020-01-01,AZ,68.7,2020,1,1
2021-01-01,AZ,65.2,2021,1,1
2022-01-01,AZ,68.1,2022,1,1
2023-01-01,AZ,69.7,2023,1,1
2024-01-01,AZ,69.1,2024,1,1
2000-01-01,AR,68.9,2000,1,1
2001-01-01,AR,71.2,2001,1,1
2002-01-01,AR,70.3,2002,1,1
2003-01-01,AR,69.6,2003,1,1
2004-01-01,AR,69.1,2004,1,1
2005-01-01,AR,69.2,2005,1,1
2006-01-01,AR,70.8,2006,1,1
2007-01-01,AR,69.5,2007,1,1
2008-01-01,AR,68.9,2008,1,1
2009-01-01,AR,68.5,2009,1,1
2010-01-01,AR,67.9,2010,1,1
2011-01-01,AR,67.6,2011,1,1
2012-01-01,AR,66.0,2012,1,1
2013-01-01,AR,65.4,2013,1,1
2014-01-01,AR,65.4,2014,1,1
2015-01-01,AR,67.1,2015,1,1
2016-01-01,AR,67.6,2016,1,1
2017-01-01,AR,65.0,2017,1,1
2018-01-01,AR,64.7,2018,1,1
2019-01-01,AR,65.3,2019,1,1
2020-01-01,AR,68.8,2020,1,1
2021-01-01,AR,66.1,2021,1,1
2022-01-01,AR,66.8,2022,1,1
2023-01-01,AR,65.9,2023,1,1
2024-01-01,AR,66.6,2024,1,1
2000-01-01,CA,57.1,2000,1,1
2001-01-01,CA,58.2,2001,1,1
2002-01-01,CA,57.7,2002,1,1
2003-01-01,CA,58.9,2003,1,1
2004-01-01,CA,59.7,2004,1,1
2005-01-01,CA,59.7,2005,1,1
2006-01-01,CA,60.2,2006,1,1
2007-01-01,CA,58.3,2007,1,1
2008-01-01,CA,57.5,2008,1,1
2009-01-01,CA,57.0,2009,1,1
2010-01-01,CA,56.1,2010,1,1
2011-01-01,CA,55.3,2011,1,1
2012-01-01,CA,54.5,2012,1,1
2013-01-01,CA,54.3,2013,1,1
2014-01-01,CA,54.2,2014,1,1
2015-01-01,CA,54.3,2015,1,1
2016-01-01,CA,53.8,2016,1,1
2017-01-01,CA,54.4,2017,1,1
2018-01-01,CA,55.1,2018,1,1
2019-01-01,CA,54.8,2019,1,1
2020-01-01,CA,55.9,2020,1,1
2021-01-01,CA,54.2,2021,1,1
2022-01-01,CA,55.3,2022,1,1
2023-01-01,CA,55.8,2023,1,1
2024-01-01,CA,55.3,2024,1,1
2000-01-01,CO,68.3,2000,1,1
2001-01-01,CO,68.5,2001,1,1
2002-01-01,CO,68.9,2002,1,1
2003-01-01,CO,71.3,2003,1,1
2004-01-01,CO,71.1,2004,1,1
2005-01-01,CO,71.0,2005,1,1
2006-01-01,CO,70.1,2006,1,1
2007-01-01,CO,70.2,2007,1,1
2008-01-01,CO,69.0,2008,1,1
2009-01-01,CO,68.4,2009,1,1
2010-01-01,CO,68.5,2010,1,1
2011-01-01,CO,65.9,2011,1,1
2012-01-01,CO,65.3,2012,1,1
2013-01-01,CO,64.4,2013,1,1
2014-01-01,CO,65.0,2014,1,1
2015-01-01,CO,63.6,2015,1,1
2016-01-01,CO,62.4,2016,1,1
2017-01-01,CO,63.7,2017,1,1
2018-01-01,CO,64.4,2018,1,1
2019-01-01,CO,64.7,2019,1,1
2020-01-01,CO,64.9,2020,1,1
2021-01-01,CO,65.9,2021,1,1
2022-01-01,CO,67.4,2022,1,1
2023-01-01,CO,67.2,2023,1,1
2024-01-01,CO,65.7,2024,1,1
2000-01-01,CT,70.0,2000,1,1
2001-01-01,CT,71.8,2001,1,1
2002-01-01,CT,71.5,2002,1,1
2003-01-01,CT,73.0,2003,1,1
2004-01-01,CT,71.7,2004,1,1
2005-01-01,CT,70.5,2005,1,1
2006-01-01,CT,71.1,2006,1,1
2007-01-01,CT,70.3,2007,1,1
2008-01-01,CT,70.7,2008,1,1
2009-01-01,CT,70.5,2009,1,1
2010-01-01,CT,70.8,2010,1,1
2011-01-01,CT,70.6,2011,1,1
2012-01-01,CT,68.8,2012,1,1
2013-01-01,CT,68.5,2013,1,1
2014-01-01,CT,67.4,2014,1,1
2015-01-01,CT,66.5,2015,1,1
2016-01-01,CT,64.2,2016,1,1
2017-01-01,CT,66.1,2017,1,1
2018-01-01,CT,65.3,2018,1,1
2019-01-01,CT,64.3,2019,1,1
2020-01-01,CT,66.9,2020,1,1
2021-01-01,CT,66.1,2021,1,1
2022-01-01,CT,64.8,2022,1,1
2023-01-01,CT,68.2,2023,1,1
2024-01-01,CT,68.8,2024,1,1
2000-01-01,DE,72.0,2000,1,1
2001-01-01,DE,75.4,2001,1,1
2002-01-01,DE,75.6,2002,1,1
2003-01-01,DE,77.2,2003,1,1
2004-01-01,DE,77.3,2004,1,1
2005-01-01,DE,75.8,2005,1,1
2006-01-01,DE,76.8,2006,1,1
2007-01-01,DE,76.8,2007,1,1
2008-01-01,DE,76.2,2008,1,1
2009-01-01,DE,76.5,2009,1,1
2010-01-01,DE,74.7,2010,1,1
2011-01-01,DE,74.2,2011,1,1
2012-01-01,DE,73.4,2012,1,1
2013-01-01,DE,74.1,2013,1,1
2014-01-01,DE,74.3,2014,1,1
2015-01-01,DE,73.3,2015,1,1
2016-01-01,DE,73.0,2016,1,1
2017-01-01,DE,70.0,2017,1,1
2018-01-01,DE,70.8,2018,1,1
2019-01-01,DE,73.1,2019,1,1
2020-01-01,DE,77.9,2020,1,1
2021-01-01,DE,73.5,2021,1,1
2022-01-01,DE,74.9,2022,1,1
2023-01-01,DE,75.7,2023,1,1
2024-01-01,DE,75.1,2024,1,1
2000-01-01,FL,68.4,2000,1,1
2001-01-01,FL,69.2,2001,1,1
2002-01-01,FL,68.7,2002,1,1
2003-01-01,FL,69.5,2003,1,1
2004-01-01,FL,72.2,2004,1,1
2005-01-01,FL,72.4,2005,1,1
2006-01-01,FL,72.4,2006,1,1
2007-01-01,FL,71.8,2007,1,1
2008-01-01,FL,71.1,2008,1,1
2009-01-01,FL,70.9,2009,1,1
2010-01-01,FL,69.3,2010,1,1
2011-01-01,FL,69.0,2011,1,1
2012-01-01,FL,67.0,2012,1,1
2013-01-01,FL,66.1,2013,1,1
2014-01-01,FL,64.9,2014,1,1
2015-01-01,FL,64.8,2015,1,1
2016-01-01,FL,64.3,2016,1,1
2017-01-01,FL,64.1,2017,1,1
2018-01-01,FL,65.5,2018,1,1
2019-01-01,FL,66.0,2019,1,1
2020-01-01,FL,68.7,2020,1,1
2021-01-01,FL,67.2,2021,1,1
2022-01-01,FL,67.3,2022,1,1
2023-01-01,FL,67.3,2023,1,1
2024-01-01,FL,68.4,2024,1,1
2000-01-01,GA,69.8,2000,1,1
2001-01-01,GA,70.1,2001,1,1
2002-01-01,GA,71.8,2002,1,1
2003-01-01,GA,71.4,2003,1,1
2004-01-01,GA,70.9,2004,1,1
2005-01-01,GA,67.9,2005,1,1
2006-01-01,GA,68.5,2006,1,1
2007-01-01,GA,67.6,2007,1,1
2008-01-01,GA,68.2,2008,1,1
2009-01-01,GA,67.4,2009,1,1
2010-01-01,GA,67.1,2010,1,1
2011-01-01,GA,66.2,2011,1,1
2012-01-01,GA,64.3,2012,1,1
2013-01-01,GA,64.2,2013,1,1
2014-01-01,GA,62.9,2014,1,1
2015-01-01,GA,62.9,2015,1,1
2016-01-01,GA,62.3,2016,1,1
2017-01-01,GA,62.8,2017,1,1
2018-01-01,GA,63.8,2018,1,1
2019-01-01,GA,64.4,2019,1,1
2020-01-01,GA,67.3,2020,1,1
2021-01-01,GA,64.0,2021,1,1
2022-01-01,GA,64.7,2022,1,1
2023-01-01,GA,65.5,2023,1,1
2024-01-01,GA,64.5,2024,1,1
2000-01-01,HI,55.2,2000,1,1
2001-01-01,HI,55.5,2001,1,1
2002-01-01,HI,57.9,2002,1,1
2003-01-01,HI,58.3,2003,1,1
2004-01-01,HI,60.6,2004,1,1
2005-01-01,HI,59.8,2005,1,1
2006-01-01,HI,59.9,2006,1,1
2007-01-01,HI,60.1,2007,1,1
2008-01-01,HI,59.1,2008,1,1
2009-01-01,HI,59.5,2009,1,1
2010-01-01,HI,56.1,2010,1,1
2011-01-01,HI,55.4,2011,1,1
2012-01-01,HI,57.2,2012,1,1
2013-01-01,HI,57.3,2013,1,1
2014-01-01,HI,58.4,2014,1,1
2015-01-01,HI,59.3,2015,1,1
2016-01-01,HI,57.7,2016,1,1
2017-01-01,HI,55.9,2017,1,1
2018-01-01,HI,59.5,2018,1,1
2019-01-01,HI,60.0,2019,1,1
2020-01-01,HI,58.8,2020,1,1
2021-01-01,HI,58.1,2021,1,1
2022-01-01,HI,59.2,2022,1,1
2023-01-01,HI,61.8,2023,1,1
2024-01-01,HI,60.3,2024,1,1
2000-01-01,ID,70.5,2000,1,1
2001-01-01,ID,71.7,2001,1,1
2002-01-01,ID,73.0,2002,1,1
2003-01-01,ID,74.4,2003,1,1
2004-01-01,ID,73.7,2004,1,1
2005-01-01,ID,74.2,2005,1,1
2006-01-01,ID,75.1,2006,1,1
2007-01-01,ID,74.5,2007,1,1
2008-01-01,ID,75.0,2008,1,1
2009-01-01,ID,75.5,2009,1,1
2010-01-01,ID,72.4,2010,1,1
2011-01-01,ID,72.4,2011,1,1
2012-01-01,ID,73.0,2012,1,1
2013-01-01,ID,71.5,2013,1,1
2014-01-01,ID,69.6,2014,1,1
2015-01-01,ID,70.0,2015,1,1
2016-01-01,ID,70.5,2016,1,1
2017-01-01,ID,69.9,2017,1,1
2018-01-01,ID,69.2,2018,1,1
2019-01-01,ID,70.6,2019,1,1
2020-01-01,ID,71.5,2020,1,1
2021-01-01,ID,71.0,2021,1,1
2022-01-01,ID,71.3,2022,1,1
2023-01-01,ID,71.0,2023,1,1
2024-01-01,ID,71.6,2024,1,1
2000-01-01,IL,67.9,2000,1,1
2001-01-01,IL,69.4,2001,1,1
2002-01-01,IL,70.1,2002,1,1
2003-01-01,IL,70.7,2003,1,1
2004-01-01,IL,72.7,2004,1,1
2005-01-01,IL,70.9,2005,1,1
2006-01-01,IL,70.4,2006,1,1
2007-01-01,IL,69.4,2007,1,1
2008-01-01,IL,68.9,2008,1,1
2009-01-01,IL,69.1,2009,1,1
2010-01-01,IL,68.8,2010,1,1
2011-01-01,IL,68.4,2011,1,1
2012-01-01,IL,66.8,2012,1,1
2013-01-01,IL,67.2,2013,1,1
2014-01-01,IL,66.4,2014,1,1
2015-01-01,IL,65.4,2015,1,1
2016-01-01,IL,65.3,2016,1,1
2017-01-01,IL,65.4,2017,1,1
2018-01-01,IL,66.0,2018,1,1
2019-01-01,IL,65.1,2019,1,1
2020-01-01,IL,67.3,2020,1,1
2021-01-01,IL,68.3,2021,1,1
2022-01-01,IL,66.7,2022,1,1
2023-01-01,IL,67.8,2023,1,1
2024-01-01,IL,68.5,2024,1,1
2000-01-01,IN,74.9,2000,1,1
2001-01-01,IN,75.3,2001,1,1
2002-01-01,IN,75.1,2002,1,1
2003-01-01,IN,74.4,2003,1,1
2004-01-01,IN,75.8,2004,1,1
2005-01-01,IN,75.0,2005,1,1
2006-01-01,IN,74.2,2006,1,1
2007-01-01,IN,73.8,2007,1,1
2008-01-01,IN,74.4,2008,1,1
2009-01-01,IN,72.0,2009,1,1
2010-01-01,IN,71.2,2010,1,1
2011-01-01,IN,72.1,2011,1,1
2012-01-01,IN,72.1,2012,1,1
2013-01-01,IN,71.7,2013,1,1
2014-01-01,IN,70.1,2014,1,1
2015-01-01,IN,69.4,2015,1,1
2016-01-01,IN,70.9,2016,1,1
2017-01-01,IN,70.0,2017,1,1
2018-01-01,IN,69.8,2018,1,1
2019-01-01,IN,69.5,2019,1,1
2020-01-01,IN,72.7,2020,1,1
2021-01-01,IN,73.0,2021,1,1
2022-01-01,IN,72.6,2022,1,1
2023-01-01,IN,73.3,2023,1,1
2024-01-01,IN,71.3,2024,1,1
2000-01-01,IA,75.2,2000,1,1
2001-01-01,IA,76.6,2001,1,1
2002-01-01,IA,73.9,2002,1,1
2003-01-01,IA,73.4,2003,1,1
2004-01-01,IA,73.2,2004,1,1
2005-01-01,IA,73.9,2005,1,1
2006-01-01,IA,74.0,2006,1,1
2007-01-01,IA,73.7,2007,1,1
2008-01-01,IA,74.0,2008,1,1
2009-01-01,IA,72.4,2009,1,1
2010-01-01,IA,71.1,2010,1,1
2011-01-01,IA,71.2,2011,1,1
2012-01-01,IA,70.2,2012,1,1
2013-01-01,IA,69.8,2013,1,1
2014-01-01,IA,69.4,2014,1,1
2015-01-01,IA,68.8,2015,1,1
2016-01-01,IA,70.0,2016,1,1
2017-01-01,IA,70.0,2017,1,1
2018-01-01,IA,68.9,2018,1,1
2019-01-01,IA,69.5,2019,1,1
2020-01-01,IA,72.1,2020,1,1
2021-01-01,IA,72.1,2021,1,1
2022-01-01,IA,73.8,2022,1,1
2023-01-01,IA,71.8,2023,1,1
2024-01-01,IA,71.8,2024,1,1
2000-01-01,KS,69.3,2000,1,1
2001-01-01,KS,70.4,2001,1,1
2002-01-01,KS,70.3,2002,1,1
2003-01-01,KS,70.3,2003,1,1
2004-01-01,KS,69.9,2004,1,1
2005-01-01,KS,69.5,2005,1,1
2006-01-01,KS,70.0,2006,1,1
2007-01-01,KS,69.4,2007,1,1
2008-01-01,KS,68.8,2008,1,1
2009-01-01,KS,67.4,2009,1,1
2010-01-01,KS,67.4,2010,1,1
2011-01-01,KS,65.4,2011,1,1
2012-01-01,KS,63.2,2012,1,1
2013-01-01,KS,63.5,2013,1,1
2014-01-01,KS,64.7,2014,1,1
2015-01-01,KS,64.9,2015,1,1
2016-01-01,KS,67.1,2016,1,1
2017-01-01,KS,66.0,2017,1,1
2018-01-01,KS,67.3,2018,1,1
2019-01-01,KS,69.2,2019,1,1
2020-01-01,KS,69.5,2020,1,1
2021-01-01,KS,69.3,2021,1,1
2022-01-01,KS,69.0,2022,1,1
2023-01-01,KS,68.5,2023,1,1
2024-01-01,KS,67.7,2024,1,1
2000-01-01,KY,73.4,2000,1,1
2001-01-01,KY,73.9,2001,1,1
2002-01-01,KY,73.7,2002,1,1
2003-01-01,KY,74.4,2003,1,1
2004-01-01,KY,73.3,2004,1,1
2005-01-01,KY,71.6,2005,1,1
2006-01-01,KY,71.7,2006,1,1
2007-01-01,KY,72.9,2007,1,1
2008-01-01,KY,72.8,2008,1,1
2009-01-01,KY,71.2,2009,1,1
2010-01-01,KY,70.3,2010,1,1
2011-01-01,KY,69.1,2011,1,1
2012-01-01,KY,68.7,2012,1,1
2013-01-01,KY,67.5,2013,1,1
2014-01-01,KY,67.6,2014,1,1
2015-01-01,KY,67.9,2015,1,1
2016-01-01,KY,67.9,2016,1,1
2017-01-01,KY,70.1,2017,1,1
2018-01-01,KY,69.8,2018,1,1
2019-01-01,KY,69.5,2019,1,1
2020-01-01,KY,72.5,2020,1,1
2021-01-01,KY,72.1,2021,1,1
2022-01-01,KY,71.4,2022,1,1
2023-01-01,KY,69.4,2023,1,1
2024-01-01,KY,69.5,2024,1,1
2000-01-01,LA,68.1,2000,1,1
2001-01-01,LA,67.1,2001,1,1
2002-01-01,LA,67.4,2002,1,1
2003-01-01,LA,67.5,2003,1,1
2004-01-01,LA,70.6,2004,1,1
2005-01-01,LA,72.5,2005,1,1
2006-01-01,LA,71.3,2006,1,1
2007-01-01,LA,71.5,2007,1,1
2008-01-01,LA,73.5,2008,1,1
2009-01-01,LA,71.9,2009,1,1
2010-01-01,LA,70.4,2010,1,1
2011-01-01,LA,70.1,2011,1,1
2012-01-01,LA,68.7,2012,1,1
2013-01-01,LA,67.8,2013,1,1
2014-01-01,LA,65.3,2014,1,1
2015-01-01,LA,63.3,2015,1,1
2016-01-01,LA,64.2,2016,1,1
2017-01-01,LA,66.1,2017,1,1
2018-01-01,LA,65.7,2018,1,1
2019-01-01,LA,65.6,2019,1,1
2020-01-01,LA,69.1,2020,1,1
2021-01-01,LA,68.9,2021,1,1
2022-01-01,LA,69.6,2022,1,1
2023-01-01,LA,67.3,2023,1,1
2024-01-01,LA,68.3,2024,1,1
2000-01-01,ME,76.5,2000,1,1
2001-01-01,ME,75.5,2001,1,1
2002-01-01,ME,74.0,2002,1,1
2003-01-01,ME,73.7,2003,1,1
2004-01-01,ME,74.7,2004,1,1
2005-01-01,ME,73.9,2005,1,1
2006-01-01,ME,75.3,2006,1,1
2007-01-01,ME,74.3,2007,1,1
2008-01-01,ME,73.9,2008,1,1
2009-01-01,ME,74.0,2009,1,1
2010-01-01,ME,73.8,2010,1,1
2011-01-01,ME,73.9,2011,1,1
2012-01-01,ME,74.1,2012,1,1
2013-01-01,ME,73.5,2013,1,1
2014-01-01,ME,71.0,2014,1,1
2015-01-01,ME,69.9,2015,1,1
2016-01-01,ME,72.6,2016,1,1
2017-01-01,ME,71.0,2017,1,1
2018-01-01,ME,71.2,2018,1,1
2019-01-01,ME,73.8,2019,1,1
2020-01-01,ME,77.1,2020,1,1
2021-01-01,ME,75.9,2021,1,1
2022-01-01,ME,74.9,2022,1,1
2023-01-01,ME,75.5,2023,1,1
2024-01-01,ME,73.8,2024,1,1
2000-01-01,MD,69.9,2000,1,1
2001-01-01,MD,70.7,2001,1,1
2002-01-01,MD,72.0,2002,1,1
2003-01-01,MD,71.6,2003,1,1
2004-01-01,MD,72.1,2004,1,1
2005-01-01,MD,71.2,2005,1,1
2006-01-01,MD,72.6,2006,1,1
2007-01-01,MD,71.7,2007,1,1
2008-01-01,MD,70.6,2008,1,1
2009-01-01,MD,69.6,2009,1,1
2010-01-01,MD,68.9,2010,1,1
2011-01-01,MD,69.7,2011,1,1
2012-01-01,MD,68.5,2012,1,1
2013-01-01,MD,66.9,2013,1,1
2014-01-01,MD,66.2,2014,1,1
2015-01-01,MD,67.1,2015,1,1
2016-01-01,MD,66.5,2016,1,1
2017-01-01,MD,66.9,2017,1,1
2018-01-01,MD,66.6,2018,1,1
2019-01-01,MD,68.8,2019,1,1
2020-01-01,MD,72.0,2020,1,1
2021-01-01,MD,69.7,2021,1,1
2022-01-01,MD,71.8,2022,1,1
2023-01-01,MD,71.6,2023,1,1
2024-01-01,MD,68.5,2024,1,1
2000-01-01,MA,59.9,2000,1,1
2001-01-01,MA,60.6,2001,1,1
2002-01-01,MA,62.6,2002,1,1
2003-01-01,MA,64.3,2003,1,1
2004-01-01,MA,63.8,2004,1,1
2005-01-01,MA,63.4,2005,1,1
2006-01-01,MA,65.2,2006,1,1
2007-01-01,MA,64.3,2007,1,1
2008-01-01,MA,65.7,2008,1,1
2009-01-01,MA,65.1,2009,1,1
2010-01-01,MA,65.3,2010,1,1
2011-01-01,MA,65.3,2011,1,1
2012-01-01,MA,65.8,2012,1,1
2013-01-01,MA,65.3,2013,1,1
2014-01-01,MA,63.0,2014,1,1
2015-01-01,MA,60.5,2015,1,1
2016-01-01,MA,59.7,2016,1,1
2017-01-01,MA,60.0,2017,1,1
2018-01-01,MA,61.5,2018,1,1
2019-01-01,MA,61.3,2019,1,1
2020-01-01,MA,62.7,2020,1,1
2021-01-01,MA,62.0,2021,1,1
2022-01-01,MA,61.2,2022,1,1
2023-01-01,MA,61.9,2023,1,1
2024-01-01,MA,62.9,2024,1,1
2000-01-01,MI,77.2,2000,1,1
2001-01-01,MI,77.1,2001,1,1
2002-01-01,MI,76.0,2002,1,1
2003-01-01,MI,75.6,2003,1,1
2004-01-01,MI,77.1,2004,1,1
2005-01-01,MI,76.4,2005,1,1
2006-01-01,MI,77.4,2006,1,1
2007-01-01,MI,76.4,2007,1,1
2008-01-01,MI,75.9,2008,1,1
2009-01-01,MI,74.5,2009,1,1
2010-01-01,MI,74.5,2010,1,1
2011-01-01,MI,74.1,2011,1,1
2012-01-01,MI,74.8,2012,1,1
2013-01-01,MI,73.9,2013,1,1
2014-01-01,MI,73.8,2014,1,1
2015-01-01,MI,74.6,2015,1,1
2016-01-01,MI,72.8,2016,1,1
2017-01-01,MI,72.9,2017,1,1
2018-01-01,MI,73.0,2018,1,1
2019-01-01,MI,73.0,2019,1,1
2020-01-01,MI,74.3,2020,1,1
2021-01-01,MI,73.0,2021,1,1
2022-01-01,MI,74.0,2022,1,1
2023-01-01,MI,74.1,2023,1,1
2024-01-01,MI,73.3,2024,1,1
2000-01-01,MN,76.1,2000,1,1
2001-01-01,MN,76.1,2001,1,1
2002-01-01,MN,77.3,2002,1,1
2003-01-01,MN,77.2,2003,1,1
2004-01-01,MN,76.4,2004,1,1
2005-01-01,MN,76.5,2005,1,1
2006-01-01,MN,75.6,2006,1,1
2007-01-01,MN,73.5,2007,1,1
2008-01-01,MN,73.1,2008,1,1
2009-01-01,MN,72.9,2009,1,1
2010-01-01,MN,72.6,2010,1,1
2011-01-01,MN,71.3,2011,1,1
2012-01-01,MN,72.0,2012,1,1
2013-01-01,MN,73.4,2013,1,1
2014-01-01,MN,71.4,2014,1,1
2015-01-01,MN,70.1,2015,1,1
2016-01-01,MN,72.4,2016,1,1
2017-01-01,MN,72.7,2017,1,1
2018-01-01,MN,69.8,2018,1,1
2019-01-01,MN,71.4,2019,1,1
2020-01-01,MN,74.5,2020,1,1
2021-01-01,MN,75.6,2021,1,1
2022-01-01,MN,75.1,2022,1,1
2023-01-01,MN,74.0,2023,1,1
2024-01-01,MN,71.0,2024,1,1
2000-01-01,MS,75.2,2000,1,1
2001-01-01,MS,74.5,2001,1,1
2002-01-01,MS,74.9,2002,1,1
2003-01-01,MS,73.4,2003,1,1
2004-01-01,MS,74.0,2004,1,1
2005-01-01,MS,78.8,2005,1,1
2006-01-01,MS,76.2,2006,1,1
2007-01-01,MS,74.0,2007,1,1
2008-01-01,MS,75.4,2008,1,1
2009-01-01,MS,75.5,2009,1,1
2010-01-01,MS,74.8,2010,1,1
2011-01-01,MS,74.8,2011,1,1
2012-01-01,MS,74.2,2012,1,1
2013-01-01,MS,74.2,2013,1,1
2014-01-01,MS,73.2,2014,1,1
2015-01-01,MS,70.7,2015,1,1
2016-01-01,MS,69.7,2016,1,1
2017-01-01,MS,71.0,2017,1,1
2018-01-01,MS,72.5,2018,1,1
2019-01-01,MS,72.7,2019,1,1
2020-01-01,MS,74.2,2020,1,1
2021-01-01,MS,71.3,2021,1,1
2022-01-01,MS,73.1,2022,1,1
2023-01-01,MS,75.5,2023,1,1
2024-01-01,MS,75.8,2024,1,1
2000-01-01,MO,74.2,2000,1,1
2001-01-01,MO,74.0,2001,1,1
2002-01-01,MO,74.8,2002,1,1
2003-01-01,MO,74.0,2003,1,1
2004-01-01,MO,72.4,2004,1,1
2005-01-01,MO,72.3,2005,1,1
2006-01-01,MO,71.9,2006,1,1
2007-01-01,MO,70.4,2007,1,1
2008-01-01,MO,71.4,2008,1,1
2009-01-01,MO,72.0,2009,1,1
2010-01-01,MO,71.2,2010,1,1
2011-01-01,MO,71.1,2011,1,1
2012-01-01,MO,70.8,2012,1,1
2013-01-01,MO,71.3,2013,1,1
2014-01-01,MO,70.5,2014,1,1
2015-01-01,MO,68.5,2015,1,1
2016-01-01,MO,66.7,2016,1,1
2017-01-01,MO,67.6,2017,1,1
2018-01-01,MO,69.7,2018,1,1
2019-01-01,MO,69.1,2019,1,1
2020-01-01,MO,71.1,2020,1,1
2021-01-01,MO,72.8,2021,1,1
2022-01-01,MO,70.6,2022,1,1
2023-01-01,MO,68.7,2023,1,1
2024-01-01,MO,70.5,2024,1,1
2000-01-01,MT,70.2,2000,1,1
2001-01-01,MT,68.3,2001,1,1
2002-01-01,MT,69.4,2002,1,1
2003-01-01,MT,71.5,2003,1,1
2004-01-01,MT,72.4,2004,1,1
2005-01-01,MT,70.4,2005,1,1
2006-01-01,MT,69.5,2006,1,1
2007-01-01,MT,67.3,2007,1,1
2008-01-01,MT,70.3,2008,1,1
2009-01-01,MT,70.7,2009,1,1
2010-01-01,MT,68.1,2010,1,1
2011-01-01,MT,68.4,2011,1,1
2012-01-01,MT,67.8,2012,1,1
2013-01-01,MT,67.4,2013,1,1
2014-01-01,MT,66.9,2014,1,1
2015-01-01,MT,66.4,2015,1,1
2016-01-01,MT,67.1,2016,1,1
2017-01-01,MT,67.6,2017,1,1
2018-01-01,MT,67.4,2018,1,1
2019-01-01,MT,68.7,2019,1,1
2020-01-01,MT,68.4,2020,1,1
2021-01-01,MT,68.1,2021,1,1
2022-01-01,MT,68.3,2022,1,1
2023-01-01,MT,71.0,2023,1,1
2024-01-01,MT,71.9,2024,1,1
2000-01-01,NE,70.2,2000,1,1
2001-01-01,NE,70.1,2001,1,1
2002-01-01,NE,68.5,2002,1,1
2003-01-01,NE,69.5,2003,1,1
2004-01-01,NE,71.2,2004,1,1
2005-01-01,NE,70.2,2005,1,1
2006-01-01,NE,67.6,2006,1,1
2007-01-01,NE,68.2,2007,1,1
2008-01-01,NE,69.6,2008,1,1
2009-01-01,NE,70.2,2009,1,1
2010-01-01,NE,70.4,2010,1,1
2011-01-01,NE,68.9,2011,1,1
2012-01-01,NE,69.3,2012,1,1
2013-01-01,NE,68.2,2013,1,1
2014-01-01,NE,66.7,2014,1,1
2015-01-01,NE,68.1,2015,1,1
2016-01-01,NE,68.0,2016,1,1
2017-01-01,NE,66.1,2017,1,1
2018-01-01,NE,66.4,2018,1,1
2019-01-01,NE,68.2,2019,1,1
2020-01-01,NE,69.8,2020,1,1
2021-01-01,NE,68.4,2021,1,1
2022-01-01,NE,69.0,2022,1,1
2023-01-01,NE,68.4,2023,1,1
2024-01-01,NE,69.5,2024,1,1
2000-01-01,NV,64.0,2000,1,1
2001-01-01,NV,64.6,2001,1,1
2002-01-01,NV,65.3,2002,1,1
2003-01-01,NV,64.8,2003,1,1
2004-01-01,NV,65.7,2004,1,1
2005-01-01,NV,63.4,2005,1,1
2006-01-01,NV,65.7,2006,1,1
2007-01-01,NV,63.3,2007,1,1
2008-01-01,NV,63.6,2008,1,1
2009-01-01,NV,62.4,2009,1,1
2010-01-01,NV,59.7,2010,1,1
2011-01-01,NV,56.2,2011,1,1
2012-01-01,NV,55.7,2012,1,1
2013-01-01,NV,56.0,2013,1,1
2014-01-01,NV,56.0,2014,1,1
2015-01-01,NV,54.8,2015,1,1
2016-01-01,NV,54.5,2016,1,1
2017-01-01,NV,55.0,2017,1,1
2018-01-01,NV,57.8,2018,1,1
2019-01-01,NV,58.2,2019,1,1
2020-01-01,NV,61.2,2020,1,1
2021-01-01,NV,60.5,2021,1,1
2022-01-01,NV,60.3,2022,1,1
2023-01-01,NV,61.2,2023,1,1
2024-01-01,NV,61.5,2024,1,1
2000-01-01,NH,69.2,2000,1,1
2001-01-01,NH,68.4,2001,1,1
2002-01-01,NH,69.5,2002,1,1
2003-01-01,NH,74.4,2003,1,1
2004-01-01,NH,73.3,2004,1,1
2005-01-01,NH,74.0,2005,1,1
2006-01-01,NH,74.2,2006,1,1
2007-01-01,NH,73.8,2007,1,1
2008-01-01,NH,75.0,2008,1,1
2009-01-01,NH,76.0,2009,1,1
2010-01-01,NH,74.9,2010,1,1
2011-01-01,NH,74.1,2011,1,1
2012-01-01,NH,74.8,2012,1,1
2013-01-01,NH,74.1,2013,1,1
2014-01-01,NH,72.2,2014,1,1
2015-01-01,NH,71.6,2015,1,1
2016-01-01,NH,71.8,2016,1,1
2017-01-01,NH,71.6,2017,1,1
2018-01-01,NH,73.4,2018,1,1
2019-01-01,NH,75.0,2019,1,1
2020-01-01,NH,74.5,2020,1,1
2021-01-01,NH,74.0,2021,1,1
2022-01-01,NH,74.6,2022,1,1
2023-01-01,NH,74.3,2023,1,1
2024-01-01,NH,72.9,2024,1,1
2000-01-01,NJ,66.2,2000,1,1
2001-01-01,NJ,66.5,2001,1,1
2002-01-01,NJ,66.9,2002,1,1
2003-01-01,NJ,66.9,2003,1,1
2004-01-01,NJ,68.8,2004,1,1
2005-01-01,NJ,70.1,2005,1,1
2006-01-01,NJ,69.0,2006,1,1
2007-01-01,NJ,68.3,2007,1,1
2008-01-01,NJ,67.3,2008,1,1
2009-01-01,NJ,65.9,2009,1,1
2010-01-01,NJ,66.5,2010,1,1
2011-01-01,NJ,66.4,2011,1,1
2012-01-01,NJ,66.6,2012,1,1
2013-01-01,NJ,64.9,2013,1,1
2014-01-01,NJ,65.2,2014,1,1
2015-01-01,NJ,64.0,2015,1,1
2016-01-01,NJ,62.2,2016,1,1
2017-01-01,NJ,64.1,2017,1,1
2018-01-01,NJ,65.0,2018,1,1
2019-01-01,NJ,65.0,2019,1,1
2020-01-01,NJ,64.3,2020,1,1
2021-01-01,NJ,62.7,2021,1,1
2022-01-01,NJ,64.2,2022,1,1
2023-01-01,NJ,62.7,2023,1,1
2024-01-01,NJ,62.9,2024,1,1
2000-01-01,NM,73.7,2000,1,1
2001-01-01,NM,70.8,2001,1,1
2002-01-01,NM,70.0,2002,1,1
2003-01-01,NM,70.3,2003,1,1
2004-01-01,NM,71.5,2004,1,1
2005-01-01,NM,71.4,2005,1,1
2006-01-01,NM,72.0,2006,1,1
2007-01-01,NM,71.5,2007,1,1
2008-01-01,NM,70.4,2008,1,1
2009-01-01,NM,69.1,2009,1,1
2010-01-01,NM,68.6,2010,1,1
2011-01-01,NM,69.1,2011,1,1
2012-01-01,NM,66.8,2012,1,1
2013-01-01,NM,67.3,2013,1,1
2014-01-01,NM,66.3,2014,1,1
2015-01-01,NM,66.5,2015,1,1
2016-01-01,NM,67.4,2016,1,1
2017-01-01,NM,66.6,2017,1,1
2018-01-01,NM,68.0,2018,1,1
2019-01-01,NM,67.4,2019,1,1
2020-01-01,NM,70.3,2020,1,1
2021-01-01,NM,69.0,2021,1,1
2022-01-01,NM,71.1,2022,1,1
2023-01-01,NM,70.3,2023,1,1
2024-01-01,NM,70.5,2024,1,1
2000-01-01,NY,53.4,2000,1,1
2001-01-01,NY,53.9,2001,1,1
2002-01-01,NY,54.8,2002,1,1
2003-01-01,NY,54.3,2003,1,1
2004-01-01,NY,54.8,2004,1,1
2005-01-01,NY,55.9,2005,1,1
2006-01-01,NY,55.7,2006,1,1
2007-01-01,NY,55.9,2007,1,1
2008-01-01,NY,55.0,2008,1,1
2009-01-01,NY,54.4,2009,1,1
2010-01-01,NY,54.5,2010,1,1
2011-01-01,NY,53.6,2011,1,1
2012-01-01,NY,53.6,2012,1,1
2013-01-01,NY,53.0,2013,1,1
2014-01-01,NY,52.9,2014,1,1
2015-01-01,NY,51.5,2015,1,1
2016-01-01,NY,51.5,2016,1,1
2017-01-01,NY,51.1,2017,1,1
2018-01-01,NY,51.0,2018,1,1
2019-01-01,NY,52.0,2019,1,1
2020-01-01,NY,53.6,2020,1,1
2021-01-01,NY,53.6,2021,1,1
2022-01-01,NY,53.9,2022,1,1
2023-01-01,NY,53.3,2023,1,1
2024-01-01,NY,52.7,2024,1,1
2000-01-01,NC,71.1,2000,1,1
2001-01-01,NC,71.3,2001,1,1
2002-01-01,NC,70.0,2002,1,1
2003-01-01,NC,70.0,2003,1,1
2004-01-01,NC,69.8,2004,1,1
2005-01-01,NC,70.9,2005,1,1
2006-01-01,NC,70.2,2006,1,1
2007-01-01,NC,70.3,2007,1,1
2008-01-01,NC,69.4,2008,1,1
2009-01-01,NC,70.1,2009,1,1
2010-01-01,NC,69.5,2010,1,1
2011-01-01,NC,68.3,2011,1,1
2012-01-01,NC,67.2,2012,1,1
2013-01-01,NC,67.3,2013,1,1
2014-01-01,NC,66.4,2014,1,1
2015-01-01,NC,65.2,2015,1,1
2016-01-01,NC,65.7,2016,1,1
2017-01-01,NC,66.3,2017,1,1
2018-01-01,NC,65.2,2018,1,1
2019-01-01,NC,65.1,2019,1,1
2020-01-01,NC,68.7,2020,1,1
2021-01-01,NC,65.8,2021,1,1
2022-01-01,NC,65.9,2022,1,1
2023-01-01,NC,66.9,2023,1,1
2024-01-01,NC,64.5,2024,1,1
2000-01-01,ND,70.7,2000,1,1
2001-01-01,ND,71.0,2001,1,1
2002-01-01,ND,69.4,2002,1,1
2003-01-01,ND,68.7,2003,1,1
2004-01-01,ND,70.0,2004,1,1
2005-01-01,ND,68.5,2005,1,1
2006-01-01,ND,68.3,2006,1,1
2007-01-01,ND,66.0,2007,1,1
2008-01-01,ND,66.6,2008,1,1
2009-01-01,ND,65.7,2009,1,1
2010-01-01,ND,67.1,2010,1,1
2011-01-01,ND,68.3,2011,1,1
2012-01-01,ND,66.2,2012,1,1
2013-01-01,ND,68.0,2013,1,1
2014-01-01,ND,64.5,2014,1,1
2015-01-01,ND,61.8,2015,1,1
2016-01-01,ND,61.4,2016,1,1
2017-01-01,ND,62.6,2017,1,1
2018-01-01,ND,61.9,2018,1,1
2019-01-01,ND,61.4,2019,1,1
2020-01-01,ND,64.2,2020,1,1
2021-01-01,ND,63.5,2021,1,1
2022-01-01,ND,65.4,2022,1,1
2023-01-01,ND,65.7,2023,1,1
2024-01-01,ND,64.3,2024,1,1
2000-01-01,OH,71.3,2000,1,1
2001-01-01,OH,71.2,2001,1,1
2002-01-01,OH,72.1,2002,1,1
2003-01-01,OH,72.8,2003,1,1
2004-01-01,OH,73.1,2004,1,1
2005-01-01,OH,73.3,2005,1,1
2006-01-01,OH,72.1,2006,1,1
2007-01-01,OH,71.4,2007,1,1
2008-01-01,OH,70.8,2008,1,1
2009-01-01,OH,69.7,2009,1,1
2010-01-01,OH,69.7,2010,1,1
2011-01-01,OH,68.9,2011,1,1
2012-01-01,OH,67.9,2012,1,1
2013-01-01,OH,67.9,2013,1,1
2014-01-01,OH,67.3,2014,1,1
2015-01-01,OH,66.4,2015,1,1
2016-01-01,OH,66.1,2016,1,1
2017-01-01,OH,66.0,2017,1,1
2018-01-01,OH,67.3,2018,1,1
2019-01-01,OH,68.2,2019,1,1
2020-01-01,OH,69.4,2020,1,1
2021-01-01,OH,67.4,2021,1,1
2022-01-01,OH,66.0,2022,1,1
2023-01-01,OH,66.6,2023,1,1
2024-01-01,OH,69.6,2024,1,1
2000-01-01,OK,72.7,2000,1,1
2001-01-01,OK,71.5,2001,1,1
2002-01-01,OK,69.6,2002,1,1
2003-01-01,OK,69.1,2003,1,1
2004-01-01,OK,71.1,2004,1,1
2005-01-01,OK,72.9,2005,1,1
2006-01-01,OK,71.6,2006,1,1
2007-01-01,OK,70.3,2007,1,1
2008-01-01,OK,70.4,2008,1,1
2009-01-01,OK,69.6,2009,1,1
2010-01-01,OK,69.2,2010,1,1
2011-01-01,OK,69.4,2011,1,1
2012-01-01,OK,68.8,2012,1,1
2013-01-01,OK,69.9,2013,1,1
2014-01-01,OK,69.3,2014,1,1
2015-01-01,OK,67.4,2015,1,1
2016-01-01,OK,66.8,2016,1,1
2017-01-01,OK,68.9,2017,1,1
2018-01-01,OK,69.5,2018,1,1
2019-01-01,OK,68.8,2019,1,1
2020-01-01,OK,71.0,2020,1,1
2021-01-01,OK,67.0,2021,1,1
2022-01-01,OK,68.5,2022,1,1
2023-01-01,OK,68.0,2023,1,1
2024-01-01,OK,66.8,2024,1,1
2000-01-01,OR,65.3,2000,1,1
2001-01-01,OR,65.8,2001,1,1
2002-01-01,OR,66.2,2002,1,1
2003-01-01,OR,68.0,2003,1,1
2004-01-01,OR,69.0,2004,1,1
2005-01-01,OR,68.2,2005,1,1
2006-01-01,OR,68.1,2006,1,1
2007-01-01,OR,65.7,2007,1,1
2008-01-01,OR,66.2,2008,1,1
2009-01-01,OR,68.2,2009,1,1
2010-01-01,OR,66.3,2010,1,1
2011-01-01,OR,66.4,2011,1,1
2012-01-01,OR,66.1,2012,1,1
2013-01-01,OR,64.2,2013,1,1
2014-01-01,OR,62.8,2014,1,1
2015-01-01,OR,61.1,2015,1,1
2016-01-01,OR,62.6,2016,1,1
2017-01-01,OR,61.8,2017,1,1
2018-01-01,OR,62.0,2018,1,1
2019-01-01,OR,62.4,2019,1,1
2020-01-01,OR,65.2,2020,1,1
2021-01-01,OR,65.8,2021,1,1
2022-01-01,OR,64.9,2022,1,1
2023-01-01,OR,64.1,2023,1,1
2024-01-01,OR,63.0,2024,1,1
2000-01-01,PA,74.7,2000,1,1
2001-01-01,PA,74.3,2001,1,1
2002-01-01,PA,74.0,2002,1,1
2003-01-01,PA,73.7,2003,1,1
2004-01-01,PA,74.9,2004,1,1
2005-01-01,PA,73.3,2005,1,1
2006-01-01,PA,73.2,2006,1,1
2007-01-01,PA,72.9,2007,1,1
2008-01-01,PA,72.6,2008,1,1
2009-01-01,PA,72.2,2009,1,1
2010-01-01,PA,72.2,2010,1,1
2011-01-01,PA,71.1,2011,1,1
2012-01-01,PA,71.0,2012,1,1
2013-01-01,PA,71.5,2013,1,1
2014-01-01,PA,69.7,2014,1,1
2015-01-01,PA,69.6,2015,1,1
2016-01-01,PA,68.5,2016,1,1
2017-01-01,PA,68.6,2017,1,1
2018-01-01,PA,69.9,2018,1,1
2019-01-01,PA,69.2,2019,1,1
2020-01-01,PA,69.9,2020,1,1
2021-01-01,PA,70.2,2021,1,1
2022-01-01,PA,70.7,2022,1,1
2023-01-01,PA,71.0,2023,1,1
2024-01-01,PA,70.8,2024,1,1
2000-01-01,RI,61.5,2000,1,1
2001-01-01,RI,60.1,2001,1,1
2002-01-01,RI,59.4,2002,1,1
2003-01-01,RI,59.9,2003,1,1
2004-01-01,RI,61.5,2004,1,1
2005-01-01,RI,63.1,2005,1,1
2006-01-01,RI,64.6,2006,1,1
2007-01-01,RI,64.9,2007,1,1
2008-01-01,RI,64.5,2008,1,1
2009-01-01,RI,62.9,2009,1,1
2010-01-01,RI,62.8,2010,1,1
2011-01-01,RI,63.4,2011,1,1
2012-01-01,RI,62.1,2012,1,1
2013-01-01,RI,61.5,2013,1,1
2014-01-01,RI,61.8,2014,1,1
2015-01-01,RI,58.9,2015,1,1
2016-01-01,RI,56.3,2016,1,1
2017-01-01,RI,56.6,2017,1,1
2018-01-01,RI,60.7,2018,1,1
2019-01-01,RI,63.8,2019,1,1
2020-01-01,RI,64.5,2020,1,1
2021-01-01,RI,62.8,2021,1,1
2022-01-01,RI,65.8,2022,1,1
2023-01-01,RI,64.4,2023,1,1
2024-01-01,RI,62.1,2024,1,1
2000-01-01,SC,76.5,2000,1,1
2001-01-01,SC,76.1,2001,1,1
2002-01-01,SC,77.5,2002,1,1
2003-01-01,SC,75.0,2003,1,1
2004-01-01,SC,76.2,2004,1,1
2005-01-01,SC,73.9,2005,1,1
2006-01-01,SC,74.2,2006,1,1
2007-01-01,SC,74.1,2007,1,1
2008-01-01,SC,73.9,2008,1,1
2009-01-01,SC,74.4,2009,1,1
2010-01-01,SC,74.8,2010,1,1
2011-01-01,SC,74.2,2011,1,1
2012-01-01,SC,71.5,2012,1,1
2013-01-01,SC,72.4,2013,1,1
2014-01-01,SC,72.9,2014,1,1
2015-01-01,SC,67.1,2015,1,1
2016-01-01,SC,68.9,2016,1,1
2017-01-01,SC,72.8,2017,1,1
2018-01-01,SC,72.0,2018,1,1
2019-01-01,SC,72.6,2019,1,1
2020-01-01,SC,73.6,2020,1,1
2021-01-01,SC,73.2,2021,1,1
2022-01-01,SC,74.7,2022,1,1
2023-01-01,SC,73.0,2023,1,1
2024-01-01,SC,71.4,2024,1,1
2000-01-01,SD,71.2,2000,1,1
2001-01-01,SD,71.5,2001,1,1
2002-01-01,SD,71.5,2002,1,1
2003-01-01,SD,70.9,2003,1,1
2004-01-01,SD,68.5,2004,1,1
2005-01-01,SD,68.4,2005,1,1
2006-01-01,SD,70.6,2006,1,1
2007-01-01,SD,70.4,2007,1,1
2008-01-01,SD,70.4,2008,1,1
2009-01-01,SD,69.6,2009,1,1
2010-01-01,SD,70.6,2010,1,1
2011-01-01,SD,69.3,2011,1,1
2012-01-01,SD,69.2,2012,1,1
2013-01-01,SD,67.8,2013,1,1
2014-01-01,SD,69.2,2014,1,1
2015-01-01,SD,70.1,2015,1,1
2016-01-01,SD,69.4,2016,1,1
2017-01-01,SD,67.8,2017,1,1
2018-01-01,SD,69.1,2018,1,1
2019-01-01,SD,69.5,2019,1,1
2020-01-01,SD,71.4,2020,1,1
2021-01-01,SD,71.1,2021,1,1
2022-01-01,SD,70.8,2022,1,1
2023-01-01,SD,69.3,2023,1,1
2024-01-01,SD,69.3,2024,1,1
2000-01-01,TN,70.9,2000,1,1
2001-01-01,TN,69.7,2001,1,1
2002-01-01,TN,70.3,2002,1,1
2003-01-01,TN,70.8,2003,1,1
2004-01-01,TN,71.6,2004,1,1
2005-01-01,TN,72.4,2005,1,1
2006-01-01,TN,71.3,2006,1,1
2007-01-01,TN,70.2,2007,1,1
2008-01-01,TN,71.7,2008,1,1
2009-01-01,TN,71.1,2009,1,1
2010-01-01,TN,71.0,2010,1,1
2011-01-01,TN,69.3,2011,1,1
2012-01-01,TN,67.9,2012,1,1
2013-01-01,TN,66.8,2013,1,1
2014-01-01,TN,66.7,2014,1,1
2015-01-01,TN,66.5,2015,1,1
2016-01-01,TN,66.4,2016,1,1
2017-01-01,TN,67.2,2017,1,1
2018-01-01,TN,68.0,2018,1,1
2019-01-01,TN,68.8,2019,1,1
2020-01-01,TN,70.0,2020,1,1
2021-01-01,TN,67.7,2021,1,1
2022-01-01,TN,67.3,2022,1,1
2023-01-01,TN,68.9,2023,1,1
2024-01-01,TN,69.6,2024,1,1
2000-01-01,TX,63.8,2000,1,1
2001-01-01,TX,63.9,2001,1,1
2002-01-01,TX,63.4,2002,1,1
2003-01-01,TX,64.5,2003,1,1
2004-01-01,TX,65.5,2004,1,1
2005-01-01,TX,65.9,2005,1,1
2006-01-01,TX,66.0,2006,1,1
2007-01-01,TX,66.0,2007,1,1
2008-01-01,TX,65.5,2008,1,1
2009-01-01,TX,65.4,2009,1,1
2010-01-01,TX,65.3,2010,1,1
2011-01-01,TX,64.3,2011,1,1
2012-01-01,TX,64.3,2012,1,1
2013-01-01,TX,63.3,2013,1,1
2014-01-01,TX,62.2,2014,1,1
2015-01-01,TX,61.9,2015,1,1
2016-01-01,TX,61.5,2016,1,1
2017-01-01,TX,61.7,2017,1,1
2018-01-01,TX,62.7,2018,1,1
2019-01-01,TX,62.4,2019,1,1
2020-01-01,TX,66.5,2020,1,1
2021-01-01,TX,64.1,2021,1,1
2022-01-01,TX,63.6,2022,1,1
2023-01-01,TX,63.6,2023,1,1
2024-01-01,TX,62.9,2024,1,1
2000-01-01,DC,41.9,2000,1,1
2001-01-01,DC,42.7,2001,1,1
2002-01-01,DC,44.1,2002,1,1
2003-01-01,DC,43.0,2003,1,1
2004-01-01,DC,45.6,2004,1,1
2005-01-01,DC,45.8,2005,1,1
2006-01-01,DC,45.9,2006,1,1
2007-01-01,DC,47.2,2007,1,1
2008-01-01,DC,44.1,2008,1,1
2009-01-01,DC,44.9,2009,1,1
2010-01-01,DC,45.6,2010,1,1
2011-01-01,DC,44.8,2011,1,1
2012-01-01,DC,45.0,2012,1,1
2013-01-01,DC,44.6,2013,1,1
2014-01-01,DC,41.5,2014,1,1
2015-01-01,DC,40.4,2015,1,1
2016-01-01,DC,40.8,2016,1,1
2017-01-01,DC,40.3,2017,1,1
2018-01-01,DC,39.9,2018,1,1
2019-01-01,DC,40.2,2019,1,1
2020-01-01,DC,42.5,2020,1,1
2021-01-01,DC,42.3,2021,1,1
2022-01-01,DC,42.3,2022,1,1
2023-01-01,DC,40.2,2023,1,1
2024-01-01,DC,40.1,2024,1,1
2000-01-01,US,67.4,2000,1,1
2001-01-01,US,67.8,2001,1,1
2002-01-01,US,67.9,2002,1,1
2003-01-01,US,68.3,2003,1,1
2004-01-01,US,69.0,2004,1,1
2005-01-01,US,68.9,2005,1,1
2006-01-01,US,68.8,2006,1,1
2007-01-01,US,68.1,2007,1,1
2008-01-01,US,67.8,2008,1,1
2009-01-01,US,67.4,2009,1,1
2010-01-01,US,66.9,2010,1,1
2011-01-01,US,66.1,2011,1,1
2012-01-01,US,65.4,2012,1,1
2013-01-01,US,65.1,2013,1,1
2014-01-01,US,64.5,2014,1,1
2015-01-01,US,63.7,2015,1,1
2016-01-01,US,63.4,2016,1,1
2017-01-01,US,63.9,2017,1,1
2018-01-01,US,64.4,2018,1,1
2019-01-01,US,64.6,2019,1,1
2020-01-01,US,66.6,2020,1,1
2021-01-01,US,65.5,2021,1,1
2022-01-01,US,65.8,2022,1,1
2023-01-01,US,65.9,2023,1,1
2024-01-01,US,65.6,2024,1,1
2000-01-01,UT,72.7,2000,1,1
2001-01-01,UT,72.4,2001,1,1
2002-01-01,UT,72.8,2002,1,1
2003-01-01,UT,73.4,2003,1,1
2004-01-01,UT,74.9,2004,1,1
2005-01-01,UT,73.9,2005,1,1
2006-01-01,UT,73.5,2006,1,1
2007-01-01,UT,74.9,2007,1,1
2008-01-01,UT,76.2,2008,1,1
2009-01-01,UT,74.1,2009,1,1
2010-01-01,UT,72.5,2010,1,1
2011-01-01,UT,71.4,2011,1,1
2012-01-01,UT,71.1,2012,1,1
2013-01-01,UT,70.9,2013,1,1
2014-01-01,UT,70.9,2014,1,1
2015-01-01,UT,69.9,2015,1,1
2016-01-01,UT,71.3,2016,1,1
2017-01-01,UT,71.0,2017,1,1
2018-01-01,UT,72.2,2018,1,1
2019-01-01,UT,71.9,2019,1,1
2020-01-01,UT,71.7,2020,1,1
2021-01-01,UT,68.8,2021,1,1
2022-01-01,UT,71.2,2022,1,1
2023-01-01,UT,70.3,2023,1,1
2024-01-01,UT,68.3,2024,1,1
2000-01-01,VT,68.7,2000,1,1
2001-01-01,VT,69.8,2001,1,1
2002-01-01,VT,70.3,2002,1,1
2003-01-01,VT,71.4,2003,1,1
2004-01-01,VT,72.0,2004,1,1
2005-01-01,VT,74.2,2005,1,1
2006-01-01,VT,74.0,2006,1,1
2007-01-01,VT,73.7,2007,1,1
2008-01-01,VT,72.8,2008,1,1
2009-01-01,VT,74.3,2009,1,1
2010-01-01,VT,73.6,2010,1,1
2011-01-01,VT,74.6,2011,1,1
2012-01-01,VT,73.4,2012,1,1
2013-01-01,VT,73.0,2013,1,1
2014-01-01,VT,73.5,2014,1,1
2015-01-01,VT,71.8,2015,1,1
2016-01-01,VT,71.3,2016,1,1
2017-01-01,VT,71.1,2017,1,1
2018-01-01,VT,71.4,2018,1,1
2019-01-01,VT,70.9,2019,1,1
2020-01-01,VT,73.1,2020,1,1
2021-01-01,VT,73.9,2021,1,1
2022-01-01,VT,72.7,2022,1,1
2023-01-01,VT,73.7,2023,1,1
2024-01-01,VT,74.3,2024,1,1
2000-01-01,VA,73.9,2000,1,1
2001-01-01,VA,75.1,2001,1,1
2002-01-01,VA,74.4,2002,1,1
2003-01-01,VA,75.0,2003,1,1
2004-01-01,VA,73.4,2004,1,1
2005-01-01,VA,71.2,2005,1,1
2006-01-01,VA,71.1,2006,1,1
2007-01-01,VA,71.5,2007,1,1
2008-01-01,VA,70.6,2008,1,1
2009-01-01,VA,69.7,2009,1,1
2010-01-01,VA,68.7,2010,1,1
2011-01-01,VA,67.9,2011,1,1
2012-01-01,VA,67.8,2012,1,1
2013-01-01,VA,68.1,2013,1,1
2014-01-01,VA,68.7,2014,1,1
2015-01-01,VA,67.1,2015,1,1
2016-01-01,VA,66.3,2016,1,1
2017-01-01,VA,67.5,2017,1,1
2018-01-01,VA,66.0,2018,1,1
2019-01-01,VA,67.6,2019,1,1
2020-01-01,VA,70.4,2020,1,1
2021-01-01,VA,68.0,2021,1,1
2022-01-01,VA,67.4,2022,1,1
2023-01-01,VA,69.1,2023,1,1
2024-01-01,VA,70.5,2024,1,1
2000-01-01,WA,63.6,2000,1,1
2001-01-01,WA,66.4,2001,1,1
2002-01-01,WA,66.9,2002,1,1
2003-01-01,WA,65.9,2003,1,1
2004-01-01,WA,66.0,2004,1,1
2005-01-01,WA,67.6,2005,1,1
2006-01-01,WA,66.7,2006,1,1
2007-01-01,WA,66.8,2007,1,1
2008-01-01,WA,66.2,2008,1,1
2009-01-01,WA,65.5,2009,1,1
2010-01-01,WA,64.4,2010,1,1
2011-01-01,WA,64.2,2011,1,1
2012-01-01,WA,63.5,2012,1,1
2013-01-01,WA,62.7,2013,1,1
2014-01-01,WA,63.6,2014,1,1
2015-01-01,WA,62.6,2015,1,1
2016-01-01,WA,61.6,2016,1,1
2017-01-01,WA,63.6,2017,1,1
2018-01-01,WA,64.9,2018,1,1
2019-01-01,WA,63.8,2019,1,1
2020-01-01,WA,64.1,2020,1,1
2021-01-01,WA,63.4,2021,1,1
2022-01-01,WA,66.6,2022,1,1
2023-01-01,WA,66.3,2023,1,1
2024-01-01,WA,64.8,2024,1,1
2000-01-01,WV,75.9,2000,1,1
2001-01-01,WV,76.4,2001,1,1
2002-01-01,WV,77.2,2002,1,1
2003-01-01,WV,78.1,2003,1,1
2004-01-01,WV,80.3,2004,1,1
2005-01-01,WV,81.3,2005,1,1
2006-01-01,WV,78.4,2006,1,1
2007-01-01,WV,77.6,2007,1,1
2008-01-01,WV,77.8,2008,1,1
2009-01-01,WV,78.7,2009,1,1
2010-01-01,WV,79.0,2010,1,1
2011-01-01,WV,78.7,2011,1,1
2012-01-01,WV,75.8,2012,1,1
2013-01-01,WV,76.8,2013,1,1
2014-01-01,WV,75.6,2014,1,1
2015-01-01,WV,74.9,2015,1,1
2016-01-01,WV,74.8,2016,1,1
2017-01-01,WV,75.1,2017,1,1
2018-01-01,WV,74.7,2018,1,1
2019-01-01,WV,75.6,2019,1,1
2020-01-01,WV,78.2,2020,1,1
2021-01-01,WV,79.0,2021,1,1
2022-01-01,WV,78.6,2022,1,1
2023-01-01,WV,77.0,2023,1,1
2024-01-01,WV,79.1,2024,1,1
2000-01-01,WI,71.8,2000,1,1
2001-01-01,WI,72.3,2001,1,1
2002-01-01,WI,72.2,2002,1,1
2003-01-01,WI,72.8,2003,1,1
2004-01-01,WI,73.3,2004,1,1
2005-01-01,WI,71.1,2005,1,1
2006-01-01,WI,70.2,2006,1,1
2007-01-01,WI,70.5,2007,1,1
2008-01-01,WI,70.4,2008,1,1
2009-01-01,WI,70.4,2009,1,1
2010-01-01,WI,71.0,2010,1,1
2011-01-01,WI,68.5,2011,1,1
2012-01-01,WI,67.5,2012,1,1
2013-01-01,WI,68.5,2013,1,1
2014-01-01,WI,67.8,2014,1,1
2015-01-01,WI,66.6,2015,1,1
2016-01-01,WI,67.7,2016,1,1
2017-01-01,WI,68.0,2017,1,1
2018-01-01,WI,67.9,2018,1,1
2019-01-01,WI,66.1,2019,1,1
2020-01-01,WI,67.9,2020,1,1
2021-01-01,WI,68.3,2021,1,1
2022-01-01,WI,70.0,2022,1,1
2023-01-01,WI,69.2,2023,1,1
2024-01-01,WI,68.0,2024,1,1
2000-01-01,WY,71.0,2000,1,1
2001-01-01,WY,73.5,2001,1,1
2002-01-01,WY,73.0,2002,1,1
2003-01-01,WY,72.9,2003,1,1
2004-01-01,WY,72.8,2004,1,1
2005-01-01,WY,72.8,2005,1,1
2006-01-01,WY,73.7,2006,1,1
2007-01-01,WY,73.2,2007,1,1
2008-01-01,WY,73.3,2008,1,1
2009-01-01,WY,73.8,2009,1,1
2010-01-01,WY,73.4,2010,1,1
2011-01-01,WY,71.1,2011,1,1
2012-01-01,WY,70.3,2012,1,1
2013-01-01,WY,70.5,2013,1,1
2014-01-01,WY,70.8,2014,1,1
2015-01-01,WY,69.9,2015,1,1
2016-01-01,WY,70.2,2016,1,1
2017-01-01,WY,70.4,2017,1,1
2018-01-01,WY,71.1,2018,1,1
2019-01-01,WY,71.3,2019,1,1
2020-01-01,WY,73.9,2020,1,1
2021-01-01,WY,72.1,2021,1,1
2022-01-01,WY,75.3,2022,1,1
2023-01-01,WY,74.5,2023,1,1
2024-01-01,WY,73.5,2024,1,1
