observation_date,CARQGSP,TXRQGSP,NCRQGSP,VARQGSP,FLRQGSP,NYRQGSP,CORQGSP,GARQGSP,SCRQGSP,WARQGSP,UTRQGSP,ILRQGSP,ARRQGSP,NVRQGSP,OHRQGSP,NJRQGSP,ALRQGSP,WIRQGSP,MIRQGSP,NERQGSP,AZRQGSP,LARQGSP,IARQGSP,INRQGSP,AKRQGSP,MARQGSP,IDRQGSP,TNRQGSP,MSRQGSP,ORRQGSP,CTRQGSP,MERQGSP,HIRQGSP,MNRQGSP,VTRQGSP,WVRQGSP,MORQGSP,NDRQGSP,RIRQGSP,PARQGSP,WYRQGSP,KYRQGSP,MDRQGSP,KSRQGSP,NMRQGSP,DERQGSP,OKRQGSP,DCRQGSP,MTRQGSP,NHRQGSP
2005-01-01,2011957.6,1145464.0,440757.4,435696.1,872048.0,1276644.5,261764.0,476989.2,182154.6,353656.5,115626.4,738931.8,111468.6,147407.4,580513.9,540897.9,195673.0,279902.3,495295.8,92727.9,278000.0,250227.8,153328.7,303600.9,44023.9,413546.1,58327.2,286227.3,102595.1,166901.0,256267.5,59123.0,71892.1,299491.4,29230.8,67550.4,283225.2,29633.8,54998.2,620327.8,32438.9,179118.2,319615.5,129820.3,86709.4,65736.5,139958.9,108722.3,38821.2,68917.4
2005-04-01,2029374.2,1138105.3,438119.7,440626.2,877633.4,1288086.5,262351.6,479548.8,182863.4,357307.6,117105.1,739052.6,111682.8,152044.4,583627.7,544331.1,197495.8,281326.0,496170.7,93695.0,282239.4,252624.8,153673.2,306000.2,44542.3,414641.1,59144.2,287236.7,102673.2,166876.3,257460.7,59462.3,72515.1,299933.8,29132.9,68443.6,285138.2,29650.0,55836.4,624301.4,33000.3,181836.1,323322.6,129763.8,86828.5,64145.0,141243.8,109213.9,38591.1,69542.1
2005-07-01,2056154.2,1139410.5,442871.6,445933.4,892662.4,1310064.5,263133.9,480522.6,183567.3,358068.6,119202.7,743557.6,112205.9,150993.3,587807.9,550017.5,196798.5,284557.8,491933.7,95030.2,287212.2,248166.9,154585.8,307860.8,44267.3,419380.5,60007.1,290621.3,103088.0,169502.7,257626.4,59602.2,73179.2,304936.0,29293.9,67715.8,285894.4,29492.2,55942.5,629653.9,32043.6,183252.4,329217.8,130490.5,85759.8,63977.3,140760.1,108840.6,38743.1,69893.3
2005-10-01,2071078.0,1150672.5,447473.9,446102.5,890314.1,1330956.6,260722.2,486292.7,184484.8,364552.5,121786.5,743452.2,114447.1,152278.3,587521.2,550184.6,199018.6,282476.6,491784.8,96770.7,287773.0,247224.2,152919.4,307916.5,44793.8,420734.7,59849.1,292171.7,106410.7,171657.8,261460.2,60171.2,74181.1,302683.7,29475.3,67845.2,287109.1,29740.1,56766.6,630877.6,32369.7,183864.8,330422.1,128278.3,85886.0,71665.9,139477.6,108759.5,39240.5,69871.8
2006-01-01,2114085.7,1199085.1,468292.2,451675.5,902478.3,1345654.7,267639.9,483793.8,186895.2,368433.6,124545.0,757875.8,114544.1,154678.3,583452.2,551207.6,199142.9,286216.2,485281.5,95798.7,292978.3,249031.9,154648.7,310651.5,45815.9,423923.8,60754.4,293896.3,104563.0,176491.5,270061.6,59870.5,73938.5,303182.1,29657.4,68642.7,286626.5,30338.2,56165.1,621047.7,34634.2,186066.1,328507.5,135170.4,88052.7,68092.2,154266.3,108532.8,39350.1,70346.9
2006-04-01,2109040.3,1216269.5,469774.6,451146.5,905832.1,1334401.1,265918.0,485066.7,186943.6,369574.1,126446.9,758270.4,115845.7,156888.1,583638.6,557455.4,200031.3,286780.0,485943.5,99248.2,293656.1,248218.9,155912.3,311600.5,47205.1,426093.3,61356.4,296505.5,106159.5,175793.9,267848.9,60199.8,74759.7,305491.4,29490.6,68949.2,288256.2,31063.0,57617.3,624685.1,36063.7,187093.7,328771.5,136100.7,88389.6,69204.5,148604.2,108515.4,39828.0,70480.4
2006-07-01,2121481.1,1230076.3,470160.2,450895.4,907829.5,1330729.5,269711.5,488063.4,186931.5,372581.6,128259.9,758160.5,114904.5,156121.8,581738.7,553845.3,199875.0,287276.0,483215.1,96903.4,297228.7,245891.8,154888.1,312644.8,47812.7,424725.5,60080.4,294877.7,106036.3,177594.4,268090.5,59808.7,75369.6,300116.4,29386.8,68872.8,285549.0,30916.4,58319.3,628496.9,37523.7,186245.3,330238.5,135685.8,88618.0,68711.3,147134.6,109881.9,40321.7,71204.3
2006-10-01,2137134.4,1255158.1,474428.4,451335.0,921055.6,1347488.8,269493.8,493175.8,188774.0,377990.9,130905.8,764996.1,114267.4,157503.2,581720.9,558335.6,200646.3,288314.1,480614.3,97340.9,301834.5,245416.2,157368.7,315205.4,49351.2,432961.9,60763.0,297393.3,106760.8,179009.9,271913.2,60064.8,75504.0,300300.9,29148.7,69135.3,285801.5,31327.9,57561.6,632130.0,38401.0,185925.5,331978.5,137586.3,89157.6,67639.3,147463.5,108463.3,40720.3,73666.4
2007-01-01,2126879.2,1268400.5,479782.3,454548.4,915009.6,1382845.7,273536.6,492348.7,189328.6,379288.1,131292.8,764332.9,111878.9,156876.1,583443.3,551520.3,199991.2,288576.7,485185.1,99389.5,302720.3,236389.5,160806.5,315549.9,49737.7,433482.3,61032.9,290457.9,106494.9,176261.3,280503.1,59301.5,75336.5,300125.0,28961.3,68849.1,282683.5,31836.3,57111.6,641564.8,38935.5,183605.0,328863.4,142266.3,88907.6,68176.6,150082.7,110061.8,41571.2,71120.0
2007-04-01,2153290.5,1291796.4,476116.2,455549.1,921777.1,1346675.2,277187.3,492181.4,192613.2,391041.7,134396.2,768292.9,112495.7,156783.8,584132.1,559983.5,201622.9,289401.7,485490.4,99528.2,305820.4,234038.1,163468.8,321548.8,50520.8,437340.7,61326.9,292761.7,106645.6,179196.4,278775.6,60113.2,75761.1,304862.0,29225.0,69265.5,287473.3,32259.7,56292.5,643633.0,39413.5,185160.8,332357.5,143418.0,89621.4,69671.4,152166.6,110880.4,42088.4,72853.0
2007-07-01,2180276.5,1294241.5,475307.2,459533.2,928467.5,1348699.5,279588.8,491679.7,195091.5,399727.5,134347.8,769950.8,112598.6,157527.6,586433.3,561221.4,203021.2,290829.8,485339.9,99336.5,309295.5,233026.0,163228.4,324923.4,50563.9,442939.9,61821.4,295408.7,108214.5,182146.4,278548.0,60346.5,76972.0,304533.5,29474.8,69719.0,289950.4,32637.8,56076.4,651351.8,39545.0,185752.1,331458.7,143598.3,90119.6,67870.2,154600.1,114210.0,42121.0,71797.9
2007-10-01,2215315.5,1300876.2,480477.3,460644.8,923899.0,1336975.3,284622.6,492745.0,196512.9,406830.4,135162.4,775709.9,119133.6,159749.8,587603.2,570570.0,203466.6,290612.7,475724.9,100868.8,308610.1,233412.1,163848.5,328624.6,49684.7,447732.5,63067.1,300651.0,109500.5,185293.1,276114.8,60369.4,77666.8,307311.5,29525.4,69662.7,293176.2,33382.1,55441.8,662002.5,40125.4,188642.3,334374.5,145063.8,88920.8,66811.4,154668.9,113998.4,42450.1,72003.1
2008-01-01,2180243.6,1284436.7,495030.3,459850.5,909549.6,1338711.4,281408.9,484755.7,194226.9,399801.0,133257.1,763659.5,113170.5,155910.3,588461.0,578686.9,202569.5,288584.9,467558.9,100655.9,307724.1,232582.2,163884.0,328175.7,48550.1,450163.5,63182.4,300121.1,109873.6,185597.6,289701.3,60381.5,77352.4,310307.7,30222.3,69550.0,295021.9,34535.4,55482.9,660225.1,40474.9,188247.3,337666.4,147756.9,87745.8,65726.9,154733.5,116122.6,42475.5,72142.1
2008-04-01,2224915.6,1281165.1,498917.5,464445.2,905576.0,1329041.3,283761.3,488654.1,195497.7,403326.3,135279.8,767475.2,115149.0,153816.1,591534.7,579775.9,203521.2,289724.5,463418.3,101892.3,306771.7,236561.9,162965.8,328587.2,47477.7,453733.0,64527.5,301710.8,111201.9,186645.5,285823.5,60469.0,77990.4,310758.7,30322.1,70434.7,300985.0,34821.3,55244.8,675129.3,40524.7,190012.5,340914.2,149440.6,88034.5,66347.6,158073.6,116091.2,42253.9,71916.7
2008-07-01,2222326.2,1281540.1,495280.3,465329.7,891412.4,1336299.0,283124.8,485166.2,193387.0,406554.9,134696.1,763586.2,114297.7,152907.6,582746.6,575112.0,201866.4,286753.8,451749.4,100487.4,302880.9,238204.0,159725.6,322380.1,49548.0,447911.8,64564.4,300949.5,109553.6,186308.5,275270.1,59994.8,76898.3,313375.3,30306.4,71212.0,295923.5,35372.7,54724.8,670147.9,41111.2,186208.6,339643.9,148141.4,88691.8,66140.6,158836.3,116563.2,42033.8,71339.2
2008-10-01,2141841.9,1301624.2,481527.0,458513.4,860529.3,1308331.1,278918.1,468865.2,186876.9,394690.5,131418.5,741660.4,111894.7,148348.4,558813.9,559235.8,195912.7,279755.7,438300.1,96404.8,291735.0,240898.3,155301.0,310394.0,54130.5,438298.8,63238.4,291326.0,107107.0,180818.8,260377.7,58535.0,75079.7,302719.8,29823.9,72670.3,299596.7,35392.1,54455.7,655091.0,44454.2,181595.4,334437.0,143721.2,91579.3,64870.2,164307.5,116077.8,41434.1,69384.5
2009-01-01,2132988.7,1289023.9,463126.3,454940.1,846566.6,1319111.6,278097.5,462811.4,183955.8,387825.6,131769.7,735610.7,112917.4,143218.9,555786.8,546192.7,193411.8,273478.6,411064.1,99454.2,281857.8,241061.2,153677.8,297132.7,56280.9,438454.7,62052.5,288652.9,105739.1,178625.2,266726.2,58025.3,74246.5,296080.6,29393.2,72474.2,289656.2,35716.2,53520.5,645566.6,44061.4,177910.9,331906.6,141446.7,91369.2,68521.2,159361.8,114820.9,41126.3,69455.9
2009-04-01,2103479.1,1276382.5,469385.5,458521.7,837256.6,1381244.1,273375.9,464178.8,182724.2,389395.7,130762.0,737193.3,108124.0,140143.4,547888.2,541793.9,193677.0,275251.9,413803.9,98679.8,276239.9,239616.8,154934.8,295513.1,55535.4,438429.8,60630.6,286258.0,105436.0,176183.3,264044.4,58416.5,74269.7,295035.8,29261.4,70913.9,288063.4,35509.3,54210.8,640964.4,40885.2,175957.0,334275.5,141029.1,90526.9,69820.2,156391.4,115861.9,40609.3,69518.0
2009-07-01,2097783.4,1282525.3,477022.2,460604.1,833937.0,1397375.5,274940.5,463653.2,183470.7,389816.6,130597.3,740394.1,108668.8,138674.0,548567.3,546084.9,194399.8,278009.5,415778.7,100122.4,273797.2,241698.6,157655.4,298281.3,54243.0,441959.4,61222.0,285330.1,105044.0,176400.9,264307.7,59040.6,73798.0,295782.0,29595.5,69880.3,289559.9,36327.3,54818.1,639894.9,39453.7,177301.7,336949.3,141557.4,90742.8,70100.6,156911.5,115698.3,41098.8,71395.1
2009-10-01,2108466.3,1294309.2,484907.9,466235.1,844162.5,1420287.1,276222.6,465423.8,186174.6,396218.0,130705.6,749979.1,109622.3,139181.0,551687.3,551377.2,195279.6,282377.5,424541.5,101689.1,277754.5,245098.6,160680.7,308229.0,53748.5,446386.4,61199.0,288994.4,105220.9,176597.1,267044.8,59605.0,74159.9,300602.5,30012.9,70277.5,290987.7,36332.3,55376.4,654401.0,37998.0,181281.8,342011.6,143576.8,90677.8,68302.5,154762.5,116202.9,40919.3,71625.3
2010-01-01,2130529.1,1310711.2,479007.9,469452.4,842088.0,1427785.2,276287.0,466169.9,186587.1,395822.5,132218.2,743781.0,110194.2,139689.3,555208.0,555460.2,195899.5,282594.8,426056.2,102213.4,276732.1,250730.6,159516.8,314952.3,52420.4,453493.8,62127.1,291131.9,105854.1,180176.5,265695.9,59521.7,75196.0,301025.2,30240.9,70034.3,295108.1,37266.3,55323.8,655101.2,38623.8,181622.3,347199.4,140375.3,89966.0,68996.0,154624.6,118597.4,42122.2,71513.3
2010-04-01,2139237.4,1315872.0,480678.3,475379.6,850001.2,1450765.0,276800.1,468376.6,188397.9,403432.2,131972.1,751543.8,112874.5,142042.3,560811.1,553984.9,198443.9,285988.2,439940.6,104002.5,280812.3,254520.2,161600.6,319915.0,53799.5,460133.8,62185.0,291739.4,106816.8,179431.1,267711.0,59974.7,75651.5,305072.4,30836.9,71308.7,295922.3,38412.8,56005.9,663830.6,39146.3,186392.8,351031.3,142749.9,90196.1,67485.6,158281.3,120407.3,42332.3,73405.9
2010-07-01,2150266.8,1328624.8,481637.6,478441.8,856943.3,1428292.0,279732.3,473166.5,189632.0,406403.2,134122.9,761689.1,114562.6,144001.1,568330.0,556727.5,202056.5,289735.6,450232.9,104853.3,284144.8,256816.6,162376.6,324005.0,54367.7,467871.2,62879.5,292900.3,107258.3,181693.4,268138.2,60460.7,76718.0,309866.6,31275.8,73258.8,296912.9,39134.4,56484.4,672692.6,39629.0,189641.8,353704.8,145426.2,90480.6,67940.0,159413.9,120863.4,42610.1,73476.3
2010-10-01,2195377.7,1337028.3,486797.7,479523.4,858793.1,1419653.9,284722.8,478640.0,190491.6,408227.4,136643.0,764551.6,114372.1,144723.9,570915.9,552884.8,201420.0,292293.0,448856.3,104694.0,287320.5,251800.3,162878.2,324054.8,54020.4,467824.2,63314.1,294976.2,106917.9,181651.7,265548.6,59877.1,76955.2,316403.2,31208.9,72693.3,296002.5,39976.0,56388.2,675598.9,39144.3,189225.3,358556.1,146928.9,92241.4,68745.8,160025.8,121704.7,42814.6,73406.0
2011-01-01,2185033.7,1348985.4,483557.4,476714.3,846083.9,1448482.9,282496.8,478261.4,191615.4,407772.7,136737.6,766319.1,114337.2,143001.2,572633.9,543477.7,199677.1,290375.7,451041.3,109540.6,287340.2,243654.0,162653.4,321329.9,52334.2,463082.3,62583.9,296572.6,105782.4,185614.2,259853.4,59387.6,76974.8,311827.5,31133.2,71794.4,291686.4,40638.1,55032.7,667135.7,38710.7,186945.8,356574.2,145938.8,89099.1,69868.2,157911.8,122126.8,43255.5,72372.7
2011-04-01,2194927.2,1365201.1,488490.2,478945.8,853070.2,1434551.8,283488.4,479415.4,194086.3,409751.9,138525.2,772094.5,114769.4,145703.0,577296.7,547738.9,200443.7,292629.8,449938.0,109209.3,288496.1,240744.0,162882.9,320842.8,53339.0,477695.9,62699.7,300370.2,106060.7,186000.1,262456.3,59215.3,76992.3,317343.8,31588.3,73243.0,292631.0,41946.0,56512.1,675069.3,38759.1,187429.0,360262.4,148460.3,90588.5,71024.8,162155.9,122877.0,43300.8,73686.9
2011-07-01,2189999.3,1370137.8,482134.4,479365.6,846179.8,1431819.6,283865.5,481910.4,192985.4,410108.4,138598.5,771408.7,115128.4,144410.0,581379.5,547471.3,201353.8,294896.2,451636.2,108889.8,289990.1,238422.2,163995.8,320350.6,54149.9,471180.6,62514.7,302649.0,106303.5,184578.4,261076.9,59129.1,76766.8,315004.8,31560.2,73446.5,292476.0,43540.8,56206.3,678405.7,38793.8,187850.6,360945.8,148178.9,90749.4,71790.2,165511.6,123086.4,43314.0,73314.4
2011-10-01,2201588.5,1396375.3,482619.1,483259.9,852247.4,1446532.9,286004.4,485274.3,194196.9,418669.8,139342.9,779080.2,116732.0,144250.6,589695.3,555229.5,204016.8,296754.1,463340.8,111297.1,295818.7,242123.3,168705.0,323607.8,56358.6,478698.2,63017.6,306443.8,107817.7,187644.8,262836.5,59986.9,77962.9,316677.2,32372.6,74216.8,295143.6,47076.8,56355.1,685262.7,39455.7,191333.7,362841.0,148769.2,91772.2,71730.7,169857.9,122455.3,44258.4,74485.9
2012-01-01,2231663.5,1417027.1,491460.8,482171.8,855312.1,1467075.0,287339.1,486783.6,196512.5,423481.1,140772.7,794426.3,117016.9,143864.7,585330.6,560766.1,204204.3,300117.3,462320.0,109510.2,296784.1,244993.3,170924.0,324474.8,56280.5,479865.9,62090.8,309432.1,109763.5,188573.8,263760.0,59499.8,78088.9,320691.2,31945.1,73737.6,297174.2,50273.3,56529.9,686853.8,38625.0,192420.8,363302.5,154742.6,90951.9,71929.6,170933.9,123126.6,44426.8,73397.5
2012-04-01,2242371.4,1431760.8,486857.3,483030.0,854201.6,1490188.6,289500.3,489425.7,195541.5,426625.0,140451.3,793682.2,117033.7,143238.9,588423.4,559920.6,205005.6,300594.6,463293.0,110481.6,297961.7,246509.6,173101.8,325818.3,57869.0,484438.4,62004.6,313034.2,109540.8,188349.1,264167.7,59841.7,78728.3,320660.5,32335.9,73968.2,297130.2,53448.6,56665.2,690148.3,38652.9,193053.1,360178.5,151906.5,91981.3,71340.9,172553.4,123989.2,44177.9,73704.2
2012-07-01,2256039.1,1438761.1,488931.6,484429.2,862159.2,1505473.3,288999.0,490548.4,195464.3,430093.7,139951.0,790563.2,116535.8,142934.6,587917.6,564709.5,202857.9,298154.7,464423.9,109316.1,296789.8,240497.8,171526.5,324465.3,57662.9,485580.5,62241.5,311702.1,108502.2,187893.0,263167.4,59256.5,79072.6,322096.0,31971.6,72801.4,295762.5,54585.7,56640.5,691893.3,37613.8,192283.0,363193.0,147000.1,90670.9,70283.8,171374.7,123904.3,44375.3,74239.8
2012-10-01,2291675.1,1465868.6,485256.4,482534.5,859772.5,1522383.6,291519.8,489351.5,194106.2,425588.2,141315.0,784221.4,115878.2,141906.1,584492.1,557522.7,202634.3,297164.0,463173.4,109437.3,296773.3,237666.7,168142.7,320746.6,56537.0,483260.5,61692.2,312848.2,106779.3,184593.7,263504.6,58128.8,78886.3,320767.6,31340.0,71990.9,295990.2,54999.6,56113.8,687132.6,37448.2,190483.7,359573.2,146659.1,89445.4,68695.2,173202.2,123251.3,44336.3,74989.7
2013-01-01,2287676.1,1487916.8,491907.8,489999.3,873524.7,1487125.7,298232.7,497148.3,198865.3,435032.1,143461.6,791917.4,119297.3,144167.6,598028.8,573238.9,207096.6,299961.0,471261.3,111419.4,298558.9,237559.3,170201.2,332837.6,56001.0,484140.0,63182.1,318693.3,109425.6,187777.0,259858.1,59236.0,80480.1,324710.0,31636.9,73964.8,301962.5,53075.0,57096.4,697434.1,38538.6,197648.8,364294.7,148915.3,89795.6,67653.7,175255.3,124418.7,44914.9,75177.1
2013-04-01,2315711.1,1505441.2,493993.6,487581.2,874536.8,1495170.0,299053.6,497941.2,197977.4,436114.3,144263.1,790672.7,119291.3,143484.8,599105.0,569459.5,206626.8,300046.8,471049.9,111088.8,297962.7,235252.0,169442.4,330668.9,54089.9,484452.2,64422.1,316471.0,107946.6,188417.6,257699.3,58667.9,80183.7,327180.0,31517.7,73838.7,301564.3,54024.9,56676.4,703060.8,38107.9,196169.2,362927.9,149939.0,89810.3,67884.4,174488.1,123549.6,44987.9,75228.9
2013-07-01,2348046.5,1522933.2,500493.5,488724.3,882753.9,1502382.7,302781.4,500347.8,201349.4,443173.8,146228.2,795175.4,120358.6,144467.7,604713.1,569486.0,207985.4,301753.8,473816.6,111801.7,298623.3,235913.7,171457.8,334078.4,54509.0,488789.7,65268.1,318435.2,110130.8,190079.2,259224.2,58946.6,80590.7,333101.2,31295.2,73840.1,302165.9,55490.6,57187.9,705730.5,38296.2,196708.6,365003.6,150903.3,89958.7,68245.1,175025.5,123931.5,45190.6,75694.2
2013-10-01,2409907.6,1530935.0,503431.4,488660.3,889918.6,1522593.8,305868.9,504163.4,202397.0,443568.5,146154.7,803975.4,120424.0,146077.0,610382.5,571625.3,206142.8,304440.3,474991.7,111219.0,300294.8,237204.1,173175.2,335244.6,53910.7,490585.2,66206.9,319792.2,108627.7,192165.2,258862.4,59205.3,80884.9,334106.8,31528.7,74152.2,302409.9,56173.2,57188.1,710554.7,38692.3,196265.6,366306.8,153054.0,90851.6,70844.0,179578.3,124479.4,45365.4,75913.5
2014-01-01,2383712.0,1521271.1,504890.1,485534.4,890251.7,1512163.3,307518.5,507848.9,202799.1,447468.6,148346.6,797714.2,120481.1,143523.1,613275.3,565498.4,203241.7,303094.9,472767.2,114001.1,299928.8,236249.6,174477.3,337995.1,53151.3,487401.1,66238.9,320584.4,108009.5,192074.4,255452.9,58879.6,80381.2,332424.6,31357.7,72956.3,299091.2,57305.2,57126.7,708065.8,38430.0,195110.8,365053.7,149502.1,90615.4,71254.7,179587.2,125898.0,45480.3,75236.0
2014-04-01,2412048.9,1549853.2,507070.4,488846.7,900744.5,1523669.4,312405.0,515854.4,206620.7,451685.4,149794.9,810220.2,121170.4,144371.3,623016.1,570165.3,205967.1,309913.4,479783.7,115948.7,300804.3,242857.9,180717.6,344604.3,53151.8,491619.4,66481.7,323248.6,110003.8,194912.8,258912.6,59283.3,81088.4,337987.2,31610.2,74087.8,302437.6,59839.6,57340.2,716073.8,38957.0,197163.2,370519.7,152967.0,91792.5,73741.4,183138.9,126257.3,46013.4,77041.7
2014-07-01,2456771.3,1574744.4,513173.9,490370.8,911509.3,1544034.7,317708.4,521847.9,207572.1,461886.6,150510.0,818332.3,121859.3,145775.9,631420.0,572942.7,207514.9,311752.2,483288.7,115937.6,303144.0,246246.4,183052.6,347586.9,53275.8,499519.7,67064.2,325366.2,109578.2,197795.2,262121.8,59844.8,81876.6,342642.0,32093.6,74550.9,305669.8,61096.0,57701.0,723666.6,39544.7,197632.9,373964.6,156169.4,93212.1,75297.4,190067.5,127427.3,46369.0,76718.0
2014-10-01,2462170.6,1592675.7,513995.2,490922.5,920088.4,1561636.4,323964.3,524496.5,207319.6,463705.5,151653.7,819693.7,122126.9,147544.0,632182.2,574179.2,207556.3,312942.8,482300.1,116720.3,303007.6,246817.7,182992.3,345124.8,53634.1,506463.5,67354.8,326319.3,109606.8,198450.5,265935.7,60351.6,81873.4,341441.8,32329.1,74850.1,307272.8,62531.0,58242.7,726960.1,40217.3,197276.4,371837.8,157801.9,94864.3,75553.6,193504.2,127953.1,46804.0,78349.2
2015-01-01,2518399.5,1635187.0,522756.8,493698.2,929324.3,1555233.7,327143.0,532564.7,210070.2,469852.5,153873.5,820333.5,120865.2,148414.9,630868.9,578172.1,206947.5,314380.5,485874.8,118409.6,307062.6,242406.8,184782.5,341035.5,54065.0,509447.8,68232.1,330619.9,108806.3,203308.8,268284.2,59728.4,83001.3,345361.8,31964.1,74439.6,307430.2,61258.3,58087.5,730994.4,40806.2,197771.6,376581.3,155212.7,93986.5,76773.7,193439.6,128720.2,47709.8,77645.7
2015-04-01,2550179.7,1619894.5,525187.5,499128.9,942826.0,1574206.0,329499.1,539696.9,211702.1,475605.2,154869.4,824655.0,121200.5,150694.0,634118.1,582408.9,208955.9,315612.4,490429.4,119734.9,308498.9,239747.6,185117.8,342015.8,53539.8,515058.7,67563.8,335474.0,109428.8,204106.3,269967.0,60491.7,83774.8,343996.2,31968.0,74461.3,308764.1,58668.0,58459.9,733774.2,39671.3,199982.7,377179.1,158379.2,93478.5,77932.7,191033.4,129520.7,47904.8,79127.8
2015-07-01,2556125.7,1637102.1,526393.0,501824.7,951363.5,1575760.8,331565.5,542769.8,214914.9,481172.3,155696.7,830015.9,121989.6,151743.3,632184.3,583172.5,210102.0,315959.5,492803.4,120205.4,307658.2,239240.2,186543.9,340355.0,53509.2,514004.1,67782.8,337804.2,109782.8,207391.6,268581.2,60746.0,84134.2,345331.1,32150.4,74213.3,309245.8,57694.1,58282.1,734544.4,40111.0,199912.0,379438.8,159849.0,93441.1,75399.8,195019.4,128927.9,48090.3,79405.4
2015-10-01,2559213.2,1644324.6,526579.2,501122.6,960202.3,1558140.2,333897.0,545402.7,216162.3,480231.5,157286.3,826695.3,122074.8,153371.3,635927.8,581906.3,209795.8,316798.7,493367.2,120213.5,311111.4,236942.0,187512.6,341414.4,53610.5,519084.4,67583.5,337946.2,109588.9,207520.5,268646.6,61285.8,84520.3,347135.9,32089.0,73931.3,306599.6,57157.4,58722.3,737267.3,39667.0,200282.2,381784.4,160969.4,93109.4,74738.5,195677.9,129272.0,47357.5,81098.4
2016-01-01,2599892.4,1636233.0,533356.0,499218.7,961563.1,1590076.8,332473.1,556295.1,218060.3,490534.3,159403.2,824188.0,122538.2,153211.7,631514.0,586460.2,211142.4,317553.9,494035.7,119365.9,313558.8,235916.6,186314.8,343033.4,54055.6,517436.5,69563.1,339296.1,110382.5,212920.3,268037.6,61501.8,85068.9,346601.0,32200.6,74212.5,308293.8,55676.8,57867.1,740175.2,39493.3,197986.3,386352.7,161486.4,93294.1,72505.8,191817.7,131617.9,47078.9,80185.8
2016-04-01,2600609.1,1631766.4,532587.6,502962.6,973438.5,1592969.3,334071.7,558761.7,220089.2,489745.3,160605.9,825439.8,122691.9,154219.3,636131.5,585580.8,212800.7,318311.7,500885.4,120225.7,317531.4,235354.0,185548.4,346480.7,53431.1,520488.2,70161.1,340680.4,109873.0,213553.9,267474.9,62152.8,85526.3,348006.1,32198.1,73463.2,307446.8,54117.2,58389.0,741573.0,37963.2,200660.4,390599.1,164308.5,93211.4,72358.7,190227.3,132312.1,46616.0,80729.7
2016-07-01,2639393.2,1634400.9,536861.7,506551.4,987088.5,1584141.5,339822.4,563192.5,221256.3,495659.7,163660.5,824048.3,122814.1,158272.5,640376.9,587739.1,213240.6,321124.9,501228.5,121946.1,321787.1,235183.0,188039.9,350851.5,53174.9,525355.3,71097.4,344774.8,109590.4,214751.7,267530.8,62022.1,85837.4,353955.8,32416.5,73292.7,307698.5,54534.5,59304.1,748357.2,37250.8,202736.4,393758.7,166107.0,92739.2,71532.1,189346.5,132029.2,47088.8,81280.8
2016-10-01,2654952.0,1633052.8,542428.7,511698.2,993868.9,1595083.6,344373.5,568623.7,222831.6,506960.2,166443.4,831942.7,124095.2,158326.1,644607.6,588418.5,214267.5,320098.5,504488.6,123674.7,323156.2,235763.1,187016.4,353391.1,53193.8,523371.1,70948.5,349428.4,109798.2,217851.4,269741.5,62471.6,86249.1,353851.5,32435.5,73084.6,310254.1,54695.6,58959.7,749283.1,36706.8,202645.5,397093.3,166672.9,92929.3,71369.1,188982.4,132911.9,47974.8,80748.2
2017-01-01,2681002.0,1642860.4,544009.1,510171.6,1003618.4,1615882.9,345065.3,576513.1,223978.3,514653.3,167329.5,827244.7,123336.8,161418.9,649183.6,585056.5,215654.5,320337.6,502333.0,121940.4,328167.2,238484.4,188413.9,354230.7,53407.3,523363.0,71475.2,351926.4,110781.6,221303.1,270040.6,62626.9,86952.5,356459.9,32495.4,74872.4,308978.8,55448.6,58237.1,747054.0,37147.2,202092.8,396293.5,166139.9,92535.1,70907.2,189961.2,132445.5,48109.5,80634.5
2017-04-01,2717703.9,1654182.7,544149.4,513422.3,1008929.1,1610484.9,346383.4,578985.7,224287.1,521383.0,170125.5,831227.2,123438.0,162573.2,652759.2,588174.0,215908.3,320226.5,504804.5,123301.6,330126.9,239621.5,187162.1,356327.6,53436.0,527240.0,72602.2,353399.8,110037.7,224967.0,273837.5,62551.0,87167.1,354121.3,32472.7,74811.3,311063.5,56940.3,58530.8,750489.9,37854.0,203322.1,398024.3,165908.1,92937.1,68917.0,192902.8,133333.2,48795.2,80570.2
2017-07-01,2759618.0,1672558.3,546259.7,516380.7,1015823.3,1621581.1,351901.4,584304.5,224649.4,530953.7,173780.7,834913.4,123629.3,164735.4,653809.8,591717.0,216407.7,323255.0,504297.9,123207.0,335744.3,240509.6,185205.9,357508.4,54001.1,532282.4,73283.0,355567.6,110052.1,226617.1,275125.1,63144.9,87677.6,352183.8,32644.0,75386.7,311440.1,56872.5,59384.8,758542.3,37702.9,203725.3,400397.6,166040.5,93508.3,69299.1,193416.7,135963.9,48618.3,81878.1
2017-10-01,2803877.1,1699650.7,552822.4,520694.0,1031096.7,1651253.8,357486.4,594370.0,226835.6,541687.4,177064.4,837922.0,125126.2,164068.8,652997.3,595399.5,218491.4,323728.0,508970.7,124430.5,338357.6,240707.4,187718.2,362076.4,53359.2,537632.4,74380.2,360776.0,110254.3,229251.0,276497.0,63679.7,87948.2,356122.5,32744.8,75619.4,313612.6,56859.5,58933.6,761186.0,37777.0,205115.6,404142.7,167005.8,93859.7,69099.1,193873.8,135452.5,48359.1,81635.4
2018-01-01,2809417.8,1719792.7,553013.9,523863.5,1043422.3,1657126.1,365104.7,592862.9,229019.7,552816.4,178821.6,846640.6,126156.7,167517.3,652538.5,602636.5,220062.1,328430.7,516834.2,126088.4,343718.4,244518.7,190703.6,367616.7,52891.0,544255.9,76802.5,361169.7,110109.5,232755.6,275587.5,64389.5,88319.5,361044.1,32845.6,76218.4,311738.5,57826.1,58665.1,761154.9,37686.3,204572.2,401387.7,167881.6,94891.4,69615.4,194199.1,136413.6,49453.7,82406.5
2018-04-01,2838193.8,1742497.8,557124.0,526704.6,1043767.4,1667068.7,363911.4,597845.3,231083.1,557718.6,181231.0,848069.3,126071.2,167927.6,653091.1,604530.5,220171.5,327148.2,517627.3,124965.7,344708.1,245080.4,190538.9,367646.0,52440.5,548661.1,77360.4,361390.4,110597.5,233321.4,272817.7,64747.8,89232.3,363643.2,32915.3,77353.2,314187.3,58556.6,58674.1,762273.0,37965.9,206102.4,402903.9,169081.3,96006.7,70079.2,195426.3,137731.6,49473.8,82141.5
2018-07-01,2869602.8,1755960.0,556826.7,530187.4,1056123.0,1674704.9,364233.5,605171.3,232247.2,567438.7,183349.9,853891.4,126651.1,168470.2,657615.2,608602.2,220569.5,329209.2,517394.4,125057.4,347777.9,245263.3,189171.3,369403.4,52378.3,551199.4,77916.6,363972.6,110112.7,235022.5,276166.4,65140.3,88903.6,366978.9,32781.0,78193.5,314970.5,59025.6,58524.2,766164.3,38057.3,205975.3,402950.9,170973.7,96381.6,71607.7,196292.5,139354.8,49333.5,82367.1
2018-10-01,2886666.7,1767922.5,559330.2,530314.6,1058422.5,1661847.4,367568.5,607859.2,234303.1,569169.2,185021.5,857467.4,126606.0,170639.0,661603.2,611799.6,222432.0,330541.4,515516.0,126062.3,349388.8,246018.7,186566.6,370385.6,52208.4,552931.8,78529.0,362922.2,109879.4,236133.9,273759.6,64947.6,88890.3,367532.6,32769.2,77861.0,315833.3,58657.0,59097.2,765829.2,38199.3,207110.5,402681.0,171250.9,97028.4,72123.5,198204.1,138727.2,49558.8,82162.9
2019-01-01,2909833.5,1772384.2,561115.0,533744.8,1071660.3,1684004.1,374316.4,611817.8,235855.1,580940.3,190483.4,853067.6,126186.5,173525.4,665056.3,613573.3,223030.4,330412.3,514034.2,125377.5,351655.7,246401.7,187506.5,366326.5,51848.1,559139.1,79670.9,366528.2,109403.6,236984.4,272804.2,65368.4,88668.7,365533.0,33138.3,76945.5,316716.3,59158.2,59828.0,764379.1,38056.4,208912.4,397378.6,167380.2,98030.7,73177.5,198280.5,136985.1,49745.2,84347.2
2019-04-01,2954169.3,1790077.5,564031.8,536849.0,1077271.5,1703063.6,380797.0,617858.1,236732.2,584424.1,190145.5,856589.0,126266.0,174565.5,670570.8,615760.2,224229.4,332654.2,518378.8,126155.4,356260.0,245995.5,187347.5,369152.5,51864.3,562866.6,80442.5,367562.3,110093.0,237776.0,274020.5,65944.8,88374.6,367627.0,33068.9,77062.2,319361.9,59579.3,59971.4,769307.7,38225.4,210890.2,401766.7,169793.4,99652.6,74262.8,198784.5,138437.8,49826.1,84175.4
2019-07-01,2989756.8,1826002.2,570485.7,545541.4,1089801.6,1708092.1,389693.4,625225.3,240427.9,592072.8,194646.8,864431.7,127647.6,176929.3,678380.7,621655.5,226283.6,333482.7,524474.7,128147.2,362967.1,247654.1,189285.7,372584.4,52977.9,569870.3,81760.4,372332.6,111734.2,240584.7,275671.4,67321.8,89018.8,371869.3,33560.2,77703.4,323476.0,59806.0,60092.5,775429.1,39043.6,212681.2,404411.1,170205.4,101756.4,75296.0,202174.2,139513.7,50719.0,84688.6
2019-10-01,3024676.3,1838480.4,576267.6,547976.6,1100922.2,1722297.4,390095.8,628078.4,243070.1,597740.5,195766.6,857984.9,128780.0,179098.7,682247.9,623774.9,227547.7,336477.9,527452.4,130595.3,367424.2,246646.5,189745.9,373965.5,52819.7,573431.2,82703.2,374366.6,113600.4,243834.2,278405.5,68398.5,89358.8,373440.2,33590.3,76937.7,325762.1,59090.3,60738.5,778294.0,38983.1,214648.5,406468.6,170870.0,101929.1,75775.0,201049.6,140702.1,50763.6,84541.5
2020-01-01,2983004.4,1807341.8,572150.7,542165.4,1086873.8,1710292.6,389810.2,617000.7,235231.5,591465.5,193722.9,832702.0,128049.4,176390.3,668010.1,619413.0,225887.3,327350.2,516654.4,126839.9,364001.8,238617.6,186729.4,366848.0,52321.5,573257.6,82620.5,377436.6,112645.8,242775.6,267597.2,67842.3,87005.1,366430.8,33518.1,76666.7,319879.7,58465.7,59985.9,760830.2,38271.3,211701.5,395421.8,172078.9,101237.0,73756.6,197708.1,140020.2,49707.9,85033.2
2020-04-01,2751836.2,1680581.0,531070.9,508768.1,1003724.2,1559243.7,359325.3,569372.3,220172.8,558226.4,186181.2,764986.7,122108.1,149898.5,610974.1,553910.8,208569.4,304461.5,455656.6,119618.5,345545.0,216918.6,177499.2,332068.8,48242.4,525888.6,77057.1,336736.0,103038.9,224739.2,245440.0,63473.8,74994.6,337879.0,29868.9,70392.6,295870.5,53921.5,54182.4,685380.0,34780.9,191386.1,370245.1,158510.8,92796.4,69267.4,182679.1,132784.2,47037.5,76992.4
2020-07-01,2978343.0,1791705.2,574878.5,540142.7,1089589.6,1669629.5,384244.7,613661.1,239176.6,604374.4,197242.7,819347.9,131229.0,167606.3,666732.5,603713.0,227249.5,326948.5,515393.5,128932.1,370730.4,230283.9,189271.0,368120.3,49759.1,564171.5,84895.8,374761.5,112375.5,239869.6,263830.6,68461.6,77572.3,360431.4,32663.3,75677.5,319722.6,55555.3,58985.7,745697.4,36021.2,210463.1,394167.7,170297.3,98093.4,73612.3,193715.8,137714.2,51152.3,84485.4
2020-10-01,3020097.3,1815000.5,579917.5,547053.0,1098847.6,1687973.4,387374.9,618949.5,240019.7,602560.7,201854.1,823767.0,131977.2,170412.8,675256.4,611848.7,227448.9,331122.3,519870.9,131549.0,379833.6,229985.0,191813.3,372112.1,51008.1,575742.3,86296.1,382520.2,113231.0,242312.6,266193.0,69866.0,79788.5,365161.1,32960.3,75478.3,325857.5,55460.0,59772.7,753617.6,35719.4,210647.8,395296.4,171340.4,98362.8,73390.8,192140.5,140044.6,52028.1,86099.5
2021-01-01,3078576.1,1844499.0,588790.5,556037.8,1123647.9,1688534.8,397732.3,629942.7,241180.4,619306.8,206805.8,841918.7,134714.6,174062.9,679322.3,623521.8,231794.4,330171.3,520496.6,134276.9,383197.7,233414.9,199235.9,378535.3,51163.7,581151.9,87583.5,394010.4,115684.1,247401.2,264074.9,70096.8,81276.3,372005.0,33266.7,75782.5,327438.2,56647.7,59130.3,751541.5,36888.1,213533.2,406155.4,169045.8,99725.2,74069.5,193118.7,139320.5,52750.1,85839.9
2021-04-01,3130909.7,1871578.6,597073.5,562266.8,1159972.7,1722666.3,403719.0,637976.7,245245.9,631416.4,208838.8,853522.9,137904.2,181580.4,687117.3,624414.9,233098.1,334118.1,532043.9,135525.1,390550.4,237842.3,202112.7,384861.3,51027.9,593078.2,87838.7,397484.1,115552.5,249411.6,269429.2,70810.7,84351.2,379971.1,33542.0,75212.7,331937.6,56693.3,61045.0,761344.7,37083.3,214155.6,403334.1,173398.6,100088.6,74372.8,194712.0,143032.3,53276.1,90142.5
2021-07-01,3175140.8,1886783.9,601226.5,567266.8,1182891.9,1742180.1,408545.7,645738.5,246297.2,629270.3,210829.6,857513.3,137750.6,186042.7,691297.1,633190.5,233262.8,333961.9,531801.5,134914.7,398028.3,238655.9,200810.0,387338.0,51471.8,603034.1,88426.8,400135.8,115319.2,248689.0,271320.8,71546.7,86407.7,377796.0,33899.0,75838.7,331960.0,56591.6,60688.7,766417.8,37107.3,214537.3,405769.9,173931.0,101396.5,74600.6,193306.0,144800.7,53213.2,90859.8
2021-10-01,3232127.9,1913543.7,613778.5,576310.9,1215592.6,1791507.9,415810.7,658397.1,250285.0,640212.4,215313.5,870597.5,139485.1,188210.3,704179.1,648726.1,236751.1,339804.7,537181.4,135042.7,408367.1,241443.7,202429.9,397753.5,52153.2,606382.9,92029.2,409344.0,116144.3,255801.3,274529.9,72115.5,85598.8,382015.9,34179.9,76226.6,334987.6,55744.3,62348.2,782731.2,37448.5,218306.8,412553.1,174754.0,102460.1,75585.3,195394.5,145411.9,53975.2,92954.9
2022-01-01,3191257.9,1920808.0,618753.7,574222.9,1213693.1,1775770.4,416912.4,656228.1,251017.9,636863.1,215821.6,878185.4,138593.9,188304.6,694554.1,645236.8,236482.7,338975.5,542021.4,138852.3,405972.9,235425.8,203457.7,396828.7,50074.2,604456.5,91749.5,411485.4,116260.1,256026.2,276054.1,72816.8,86379.9,380549.4,34596.6,76244.1,336631.1,55470.3,61412.8,772234.6,38314.3,217155.5,413769.0,178311.7,102040.5,77001.9,190909.6,145801.0,56224.3,90184.0
2022-04-01,3180774.6,1922668.7,614745.8,576245.9,1229475.6,1756439.3,413881.9,665049.8,253218.3,637940.6,216357.7,873990.1,138183.9,191022.9,693922.0,649107.1,236710.5,338789.6,542785.6,138489.9,408465.6,235101.1,201168.0,399117.5,50439.4,606547.0,92224.9,412175.2,115733.6,255208.4,276897.4,72956.4,86234.8,383317.4,34730.2,75726.0,338585.2,55129.9,62893.3,776192.2,37093.0,219449.5,415724.1,175382.6,101376.7,76889.3,191072.3,144409.4,54987.8,91409.5
2022-07-01,3186374.0,1956591.7,617641.1,583744.3,1250788.4,1763451.5,419518.6,666857.3,255045.2,645757.4,217675.5,874761.8,139863.6,190782.2,694134.2,650867.1,239032.4,340645.1,543791.1,140462.6,410845.9,237071.2,201678.6,400518.7,50687.4,604838.1,93057.5,414639.1,116348.7,255260.2,279471.1,72478.1,87106.0,387831.0,34572.5,77399.2,340752.0,55924.5,62516.5,782516.2,37468.6,220372.7,417288.8,177760.5,103751.8,77112.0,194523.9,143876.8,54541.3,91925.2
2022-10-01,3177624.8,2010765.8,627008.3,587687.8,1265577.4,1764747.2,424962.4,674577.3,258736.5,655739.4,219915.2,879206.8,141601.5,191743.3,698421.3,655732.1,242000.2,340581.3,546285.3,139959.0,415629.4,239818.4,200017.3,400658.3,51867.3,616369.9,94582.9,419583.6,117886.1,257756.2,283481.0,73893.6,87830.5,387212.9,35111.2,79382.6,342641.5,57427.3,62294.7,786499.4,38433.1,222044.7,418842.7,178425.8,106037.2,77593.8,199256.1,144131.1,55022.1,92145.6
2023-01-01,3222520.6,2047534.5,631755.3,589044.5,1280666.1,1772700.3,429620.0,668694.0,259022.9,662281.0,221494.6,881185.1,142340.1,193145.9,700558.6,658105.2,242878.0,340370.3,549267.2,143571.5,418484.3,243695.2,199362.5,399620.5,52603.5,611332.2,94876.9,419232.2,118602.9,260427.4,282546.1,74259.2,88027.3,387261.6,34916.2,79566.2,344631.7,58628.2,62671.4,790274.2,39139.8,222959.2,419395.6,181003.3,107462.1,76528.2,202475.7,144536.4,56590.2,92579.6
2023-04-01,3228085.4,2079740.8,630907.2,595450.7,1281546.8,1783664.9,436412.4,675644.1,259658.9,671467.6,223849.3,882473.2,142045.3,193925.2,705783.8,659290.9,243977.0,341579.6,553855.8,144439.3,421015.8,245985.9,199476.8,401542.8,53932.0,613836.7,94975.9,419470.0,119113.6,260404.3,285462.8,74642.0,88425.5,388214.6,35137.4,81192.2,347267.2,60382.6,62568.4,794597.8,40079.2,222988.3,420153.9,182592.3,110521.1,77790.2,207496.1,146642.7,57022.0,93151.3
2023-07-01,3262783.0,2116586.2,640889.9,598808.7,1296228.5,1805139.3,439703.2,681307.9,263789.0,681835.4,227379.6,887438.6,142757.0,196337.6,713582.3,666885.3,245845.8,346067.0,556576.0,145763.8,423551.0,250108.1,203532.6,406128.4,54828.4,616524.5,96162.0,423078.2,119687.5,263251.3,287214.1,75613.2,88640.6,392755.2,35138.0,80377.4,349754.5,60971.1,64015.0,802771.3,40799.4,225666.9,425333.4,185408.5,110908.8,78661.6,209845.3,145714.6,57786.9,93715.9
2023-10-01,3281237.1,2144500.1,648716.8,607084.6,1312709.0,1803338.4,442488.6,687158.7,266723.2,693368.2,229114.2,891508.3,144299.8,198213.7,719341.9,671272.7,248717.8,350266.1,557325.7,146304.0,426547.3,254672.8,205833.7,409869.5,54874.8,620324.7,97576.9,426570.4,120789.5,263723.2,291290.9,76267.2,89364.0,395400.3,35754.6,82056.7,352296.3,61412.5,63853.4,809271.9,40824.8,226057.7,426582.2,186178.1,112402.9,79077.5,211876.3,147203.3,58094.2,94420.0
2024-01-01,3331857.2,2145329.6,653319.0,608737.4,1324280.3,1814253.5,440600.9,693161.2,269490.4,695924.3,231792.6,887516.3,146111.8,199575.2,719377.5,672565.1,248659.8,349300.9,558921.6,144587.4,428803.1,253820.4,200270.8,414791.6,54710.6,628867.3,97950.6,426915.0,120790.3,262474.7,291102.5,76786.4,89641.2,392642.1,35622.5,82677.5,351820.8,60007.6,64616.2,808315.4,40070.0,226966.0,428162.4,183328.5,111886.4,78722.1,210539.1,146805.8,58086.7,95430.3
2024-04-01,3354963.1,2160124.1,658943.8,613508.0,1334883.3,1831168.7,443495.5,699113.5,272448.7,699749.1,234520.9,893704.2,146642.3,200465.4,725370.1,676537.6,250739.6,352941.1,564681.9,146449.4,432050.1,255731.1,201088.5,417659.9,54561.4,631770.4,99368.8,430106.7,121552.2,264620.3,293086.6,77101.9,89946.0,393936.5,35917.1,83118.0,355229.6,60017.8,65011.4,814704.1,40414.4,228919.0,430592.8,185853.0,112370.9,79347.5,211722.1,147570.3,58541.5,95926.2
2024-07-01,3380751.2,2182545.2,665244.7,618404.5,1345731.9,1839391.2,447218.4,703632.7,274457.6,704985.8,237124.4,898035.4,149105.5,201337.1,729842.4,681572.1,254444.5,356724.6,568779.3,145943.3,435344.6,257161.8,201097.6,421672.5,54857.0,635408.6,100547.5,434409.2,123069.6,266353.6,295295.3,77795.1,90521.2,395901.6,36285.9,84077.7,358526.7,59664.6,65595.2,823018.5,40602.5,231148.8,433776.0,186477.8,113105.6,79950.0,213539.7,148316.9,58527.7,96991.3
2024-10-01,3392761.6,2201475.3,670283.9,623581.0,1353579.1,1853429.9,449894.6,708383.7,276901.8,707478.4,239424.2,902114.1,150974.3,202307.7,734459.5,685198.8,256814.3,357337.1,571750.5,146657.5,438854.8,258976.0,201930.2,423767.1,55395.0,638424.2,100544.9,437634.0,124340.1,267138.9,296625.8,78226.5,91012.4,398748.2,36339.6,84741.2,361036.6,59974.2,65903.0,828079.7,40978.0,232507.9,436239.6,187224.5,113840.1,80591.3,215334.4,149387.3,58922.9,97656.7
2025-01-01,3391307.6,2201173.7,671665.8,622874.9,1358449.9,1850288.0,449433.5,708566.7,278064.6,706719.9,239750.9,897090.2,151270.1,201760.4,734267.2,683534.6,257468.4,356755.6,572020.7,144370.0,438272.5,257845.5,198789.6,423146.8,55149.7,636980.0,100255.3,436285.7,124551.1,266143.6,295959.3,77991.7,90953.9,396311.3,36310.5,84251.3,359436.6,59716.8,65864.4,828665.7,40652.2,231898.6,435707.2,185677.2,113251.9,80597.4,214476.9,149382.3,58259.3,97635.6
